-7.008632344058395E-10,2.370151917236092E-10,8.889214612154512E-11,-1.5242753231390331E-10,-2.7075519494582846E-11,-8.46183022895605E-11,-1.0921074077818212E-10,-5.736302424436599E-11,1.138479796110485E-11,1.6735404984961594E-11,16632
-6.318343320096311E-11,3.448007003690644E-11,5.615986048508119E-12,-3.650814787135258E-11,-8.348219474066555E-12,-1.3676829704348553E-11,-2.4159420682927188E-11,-8.674747526652934E-12,3.9592654377381324E-12,2.9385808603118256E-12,16633
-6.460460588270751E-10,1.0462787578633704E-10,1.1311078491268066E-10,-1.581229437031908E-10,-2.7853524129169582E-12,-7.24998038503347E-11,-1.398348560626615E-10,-6.845021500444933E-11,6.550195168282799E-12,1.7538175397420474E-11,16634
-3.9212646535706723E-11,5.478857099033073E-11,-9.114672824748899E-12,6.373750551709002E-12,9.751879809395167E-13,9.749981968640802E-12,-3.7400949072576355E-12,5.874961760284774E-13,1.941067569112017E-12,3.0272774451525586E-12,16635
-2.555880518745155E-11,2.058241118672638E-11,-7.312272142590342E-13,-3.168965623619468E-12,-2.0732627991448847E-12,-1.795702617556085E-12,-2.025490232908947E-12,-7.277050808053292E-13,6.301094199521332E-13,5.857698915608439E-13,16636
2.099756016064844E-10,-2.701332702348263E-11,-4.428212042714698E-11,5.1606310218066206E-11,1.6501469504243934E-12,2.6560078862849897E-11,4.377682380451634E-11,2.3030624152267532E-11,-2.97157323199039E-12,-5.815588128703641E-12,16637
-1.689593276892415E-10,5.887711991227222E-11,1.716919024780554E-11,-4.0736167480134476E-11,-6.1808867692916756E-12,-1.912812236991564E-11,-3.234732621473176E-11,-1.5965222968698697E-11,4.065336050400675E-12,5.15310202973566E-12,16638
7.831932244784629E-11,-2.0366280321346305E-11,-1.4580625342927325E-11,2.3690890584496763E-11,3.1778818186367064E-12,9.870839843654962E-12,1.8565179013691347E-11,8.344293379169625E-12,-2.0811102078536683E-12,-2.74252259313065E-12,16639
-6.277124910344529E-10,1.836946671263596E-10,8.90044842615954E-11,-1.5284231200732386E-10,-2.3988571954937878E-11,-8.025323269813276E-11,-1.085942048779783E-10,-5.6061769397469776E-11,1.0393700868173098E-11,1.531702389464373E-11,16640
2.3024562948997272E-10,-8.103764984243826E-11,-3.1658566725950905E-11,5.6685086296334256E-11,1.0879942854747542E-11,3.055709681408849E-11,3.7661109728598975E-11,1.968333013116988E-11,-3.3666441734251736E-12,-5.756954039091264E-12,16641
-5.3187251286973766E-11,-6.473288414234727E-11,3.226071818935184E-11,-3.143951203192134E-11,8.660007195005642E-12,-8.378669790538012E-12,-2.997277816027921E-11,-1.6105171058149757E-11,4.40354936737639E-13,4.019787745640136E-12,16642
-2.7209492088182255E-11,1.2441625735570485E-10,-3.4973311816368834E-11,1.960520119365398E-11,-1.73726096460015E-11,-8.560671832206691E-13,2.956630693951839E-11,1.271863494342501E-11,2.8780805563385163E-12,-1.1791804926683603E-12,16643
6.74099948650547E-10,-1.250819140804414E-10,-1.1782325922082001E-10,1.704048708842529E-10,7.788530378241749E-12,8.397801555913501E-11,1.421984573152922E-10,7.097639490828032E-11,-9.47433482489284E-12,-1.8638626611160995E-11,16644
-5.033703032308734E-10,1.0711659696384503E-10,8.995838260353504E-11,-1.378783576883205E-10,-1.0745323753154678E-11,-6.749562869406663E-11,-1.094844488483554E-10,-5.380993866127966E-11,8.436381199015161E-12,1.4017555239089523E-11,16645
-6.046453815298599E-10,9.891578219455548E-11,1.0998580868891604E-10,-1.6818946007214989E-10,-5.4042871608647105E-12,-7.509125449107221E-11,-1.461679246893217E-10,-6.844765906661296E-11,1.0061534342198489E-11,1.8064611488885862E-11,16646
-5.620660596400645E-11,1.4159110191011354E-11,8.359674867204693E-12,-1.704224791380383E-11,-1.2325878189121725E-12,-7.305428091007518E-12,-1.4895751551858048E-11,-5.4411238113505905E-12,4.3810931732337663E-13,1.1307526547451928E-12,16647
-8.951922162666697E-11,-5.218637208222925E-11,4.043906519699491E-11,-5.032611468243247E-11,9.468618787512557E-12,-1.7495297931380047E-11,-5.2874261925684115E-11,-2.2919807291876478E-11,1.2629971843980446E-12,4.5695054742907926E-12,16648
-4.076385781791525E-10,7.498155266797114E-11,6.953775874309999E-11,-1.1012210405228366E-10,-1.1805053089064698E-11,-6.021720174743431E-11,-8.26279760370389E-11,-4.2066327594292767E-11,7.174120060120146E-12,9.339208460565814E-12,16649
2.2866418018477098E-10,2.287818405682541E-11,-6.173861275340203E-11,9.521814623766242E-11,-5.6871916140836315E-12,3.443535484071466E-11,8.846601166406583E-11,3.906900912429179E-11,-4.786967550738155E-12,-9.300937568242644E-12,16650
-7.087923083852224E-11,-5.958658095446537E-11,3.4512447079568354E-11,-4.16728044290434E-11,1.1143861942063953E-11,-9.631553072426934E-12,-4.837576634950611E-11,-2.0471163067473356E-11,1.3898016222753564E-12,4.582637997453799E-12,16651
-9.770228501655429E-11,4.7932575385408834E-11,7.828351887895771E-12,-1.8225801747293885E-11,-5.708414542915224E-12,-1.0611746810197137E-11,-1.2199254762721287E-11,-6.01686887715041E-12,1.7183994148529408E-12,2.0732474351928446E-12,16652
-1.289773033699066E-10,2.7033946276526375E-12,2.7245272912186546E-11,-5.2914342635380176E-11,2.647024544963247E-12,-1.5836448325854786E-11,-4.8764811671448676E-11,-2.065968838398379E-11,3.0066564741311833E-13,4.704970661624006E-12,16653
-9.04825598129994E-11,2.92678313090616E-13,2.3569120955005826E-11,-3.516107362638371E-11,5.511148959807113E-14,-1.6142271080544678E-11,-2.8217009584932297E-11,-1.3850630228583373E-11,1.0041219647863635E-12,2.9059777596270115E-12,16654
4.645338914923645E-11,5.101394098017034E-11,-2.977405687353003E-11,2.502382450724061E-11,-7.689976270074186E-12,8.101989815786491E-12,2.758898489423972E-11,1.2988416897293309E-11,-1.8176750700427675E-14,-2.174823978609339E-12,16655
2.2892356399235642E-10,1.477518264263315E-11,-6.698508671399052E-11,7.063200784590263E-11,-9.633752831108368E-12,3.070871243891751E-11,7.135232907711439E-11,3.403260316472689E-11,-3.076165267108569E-12,-8.083567925705485E-12,16656
4.3919336235192066E-10,-1.2122622495335191E-10,-6.271320003172979E-11,1.1324666189542327E-10,1.4287353168127316E-11,5.1988402558220653E-11,8.922115789174712E-11,4.1376391308807106E-11,-5.6792448190223045E-12,-1.067318421436053E-11,16657
3.487804049781361E-10,-6.33930050361426E-11,-6.728837068620263E-11,9.442070556355165E-11,3.4510213517810054E-12,4.3091277083972465E-11,8.788820400850074E-11,3.908761219993225E-11,-7.388814976631263E-12,-1.0666663908360034E-11,16658
3.1533817097053906E-10,-8.009968599759544E-11,-5.053782960683264E-11,7.218264772154845E-11,7.772662071384228E-12,3.7813492992727806E-11,5.883943566115788E-11,2.8805773734930017E-11,-4.721598518936794E-12,-7.834502922231628E-12,16659
-8.953572916738138E-11,1.9842713820839564E-11,2.2082486366443845E-11,-2.7062415923401583E-11,-3.8811202001606645E-12,-1.5342388689869953E-11,-1.4529628913949447E-11,-8.305523315902527E-12,7.237170796332127E-13,2.0377128670933415E-12,16660
2.72007996695717E-10,-9.753669172519435E-12,-6.053224198991629E-11,9.001850112068012E-11,7.681513246263463E-13,3.774260591765229E-11,7.701972058937942E-11,3.5233197016649796E-11,-4.04743729709991E-12,-7.940012488202612E-12,16661
-1.6022457017031936E-10,-4.5150603146986285E-11,6.362257954940701E-11,-5.157236460923445E-11,7.380881430330467E-12,-2.7038178741747602E-11,-4.68616549579096E-11,-2.5634676060453336E-11,1.342505752335227E-12,5.421049791148364E-12,16662
-3.2023914685679335E-10,1.2883529019006672E-11,7.09803896178917E-11,-8.316125630621761E-11,-3.4112454276794725E-13,-4.242936899446486E-11,-7.024458353583796E-11,-3.6762900528343087E-11,4.221935980776793E-12,8.474711522967064E-12,16663
-1.7056480243036971E-10,-1.6964089557663236E-11,4.951139769764223E-11,-4.94276733417324E-11,5.994618051622959E-12,-2.208348718059265E-11,-4.798260415130597E-11,-2.5263528245826284E-11,1.7067794760052145E-12,6.039242698316292E-12,16664
-2.2023177466965748E-11,1.8586232831884046E-11,1.2484114163914138E-12,-6.79077642277875E-12,-5.540331126091323E-12,-5.781228864927361E-12,-2.564191825513053E-12,-1.1339847942883953E-13,1.334559348757433E-12,-9.672772850808149E-14,16665
1.3637559099672606E-10,-9.798115092356314E-11,-5.5664674207068215E-12,1.9256341596187397E-11,1.470172530248195E-11,1.98345955333469E-11,2.7891586093435703E-12,3.3910938713128227E-12,-3.0288524747456926E-12,-1.7346823708005811E-12,16666
-2.6074957658311184E-10,1.2345217046526384E-10,2.1765903069390928E-11,-4.702659991938726E-11,-1.48637838443403E-11,-2.8827124883795037E-11,-3.0623162152644236E-11,-1.5472564592519974E-11,4.150137866764748E-12,5.144421846231985E-12,16667
-1.2634236107475367E-10,-6.382879479302047E-11,5.929766846177876E-11,-5.968057508154411E-11,7.827313630677273E-12,-2.843084098316805E-11,-5.589242830675174E-11,-2.66375819415711E-11,1.6399412065319725E-12,4.1805439292041666E-12,16668
1.9630420271977474E-11,8.448375174780788E-12,-6.213414706284021E-12,-2.3996791191909247E-12,-5.226937271679149E-12,-4.755210262802989E-12,5.56213024375969E-12,3.3559870811286E-12,2.8843227151118514E-13,-1.812099820746228E-12,16669
8.795183881976197E-11,-3.107015185691483E-11,-1.1260394012088084E-11,1.6173879101489404E-11,1.844616815302576E-12,6.7429194941056945E-12,1.63364425708021E-11,6.234402397536936E-12,-7.001062637304774E-13,-1.8472505168113067E-12,16670
-6.038864755994311E-10,8.795256893347516E-11,1.1319435363822079E-10,-1.7427166301146094E-10,-8.103343402193425E-12,-7.839072581484089E-11,-1.3928978981256743E-10,-6.818494375760928E-11,7.45652010219749E-12,1.6864641483971852E-11,16671
-4.498672189983011E-11,2.6890266595626272E-11,5.117233095632654E-12,-8.098330528446462E-12,-2.8515929288131633E-13,7.701708570401482E-13,-9.250107873355939E-12,-3.1281360585437625E-12,3.7092968855570555E-13,2.283552358320023E-12,16672
-4.605027882552747E-11,4.353659293853291E-11,8.562248301700402E-12,-2.4684564133630185E-11,-8.724408427428374E-12,-1.0974208022848707E-11,-9.181090568469598E-12,-3.024026646649262E-12,1.510969526082553E-12,1.6523470226294965E-12,16673
6.159951263742754E-10,-7.618249701675225E-11,-1.1663199159652043E-10,1.4784304390360332E-10,-4.816473508292498E-12,5.824934866457582E-11,1.4130982458413158E-10,6.576954431146986E-11,-6.525497241604084E-12,-1.8305941321206073E-11,16674
1.167286336164578E-10,7.558409686112009E-11,-5.249034838753599E-11,5.182224728845235E-11,-1.4453359117357302E-11,1.1975282039695878E-11,5.786426364993497E-11,2.6541425948509172E-11,-3.4229705939991426E-13,-6.4535373824462525E-12,16675
-7.62282033799744E-10,1.3134001492161083E-10,1.389164356751728E-10,-2.1031079697989588E-10,-4.343831329992748E-12,-8.598917128443608E-11,-1.8560814851787853E-10,-8.508644720830678E-11,1.0353141380608087E-11,2.3388285711666554E-11,16676
1.3577020821941685E-10,-2.0859680927555324E-11,-1.597442582530189E-11,3.96789425451431E-11,9.174191622363127E-12,2.9303395773643745E-11,2.021019977092069E-11,1.2807507692766717E-11,-2.203017124786234E-12,-5.113483590253399E-13,16677
-5.352799441623666E-10,1.5240462618273085E-10,7.585803048744244E-11,-1.2036704729326078E-10,-1.3444408363300031E-11,-6.032558848792565E-11,-9.653094092562558E-11,-4.8687624271371994E-11,8.903289491542242E-12,1.4740537552890806E-11,16678
-9.385827079093922E-11,4.481638936165945E-11,1.158299958012493E-11,-9.682365298570946E-12,-2.6701709672270305E-12,-6.037433994019708E-12,-1.2357110543477459E-11,-4.867167187534567E-12,2.073970335040127E-12,2.260052299696704E-12,16679
-1.1012862055412081E-10,7.637528519495973E-11,1.4591806245592942E-11,-2.473704360700668E-11,-1.3021838581750863E-11,-1.583771278897215E-11,-1.040700416232429E-11,-4.00920625638555E-12,2.2857396473513036E-12,1.815544770038898E-12,16680
-1.6033231729781145E-10,-1.825245332387947E-11,4.986010811562538E-11,-6.03861227579028E-11,4.7566776659139E-12,-2.0167709764484906E-11,-5.7236701726031445E-11,-2.5072894548177142E-11,3.2036703909810026E-12,6.741837237285807E-12,16681
1.0503490834902665E-10,3.562064896333189E-11,-3.714704372358193E-11,4.662616976841034E-11,-7.336576780269092E-12,1.4262482493571106E-11,4.7505342511775855E-11,2.1231224017537078E-11,-1.7435432616827568E-12,-4.956554510578276E-12,16682
7.054379486594589E-10,-2.867282338922749E-10,-7.874837357583664E-11,1.538368401797253E-10,3.257189468650555E-11,7.852153517835122E-11,1.116404514524216E-10,5.514482777890682E-11,-1.2607606001267625E-11,-1.812869867794851E-11,16683
2.2267829913443198E-10,-7.307271893753175E-11,-2.7420233066036897E-11,4.8381316077188775E-11,8.04845366762376E-12,2.5596006584156088E-11,3.6321649291222375E-11,1.790029291660566E-11,-3.690893984732813E-12,-5.172004131656729E-12,16684
4.427669911248632E-10,-1.0153963121949066E-10,-6.318041882680322E-11,1.187359994531874E-10,6.872919343254528E-12,4.9830542856479854E-11,1.0135475374935746E-10,4.741098893936313E-11,-7.00657924051054E-12,-1.3284650759285415E-11,16685
5.331466490400837E-10,-8.683403814701162E-11,-8.957580678318726E-11,1.3570555728296E-10,4.643491969715027E-12,5.997517095705957E-11,1.1972316111630913E-10,5.7022249676200686E-11,-7.215371081975433E-12,-1.4400200652292907E-11,16686
-2.2750801239436755E-10,4.129292378384977E-12,5.720051280189655E-11,-6.444852679098134E-11,2.724627813009697E-12,-3.032533714250164E-11,-5.6161175887356144E-11,-2.916627989008836E-11,2.8711270777295127E-12,7.270337108956268E-12,16687
4.599397732011877E-10,-1.0813758961806281E-10,-7.050912449857488E-11,1.0996240971831257E-10,7.41273568909559E-12,5.2308613980885626E-11,9.214802549553121E-11,4.4774841538088834E-11,-6.56934391169032E-12,-1.2551449325788665E-11,16688
1.6440615662796898E-10,9.892684213003224E-12,-3.7956374166599634E-11,4.481568676918296E-11,-2.0909986190592146E-12,1.4612621517636595E-11,4.0165984669152135E-11,1.9155873391729477E-11,-9.111619640545679E-13,-5.136016345825908E-12,16689
4.704880268205785E-10,-1.64982959635728E-10,-5.614110500443941E-11,1.0713711058525805E-10,1.3958419547069696E-11,4.592238290812057E-11,8.856675592109679E-11,3.895957946998834E-11,-6.3402826816383216E-12,-1.2263494658017194E-11,16690
3.634064998356963E-10,-8.37519371158857E-11,-6.573565129037361E-11,9.841950433896438E-11,3.739061530936703E-12,4.248284919684541E-11,8.398469038207194E-11,3.833225110068419E-11,-4.669078722202655E-12,-1.0917020967500473E-11,16691
-8.44228779135184E-11,1.0927424188707499E-11,1.6337556080213697E-11,-2.4140883214645465E-11,-1.2370681123992348E-13,-1.0423364887778214E-11,-2.1167132890756902E-11,-1.0048356540646736E-11,1.1346032474411102E-12,2.565189236919603E-12,16692
1.8143282850934573E-11,-1.2503197245336457E-11,-6.102252904434362E-13,2.475686090161606E-12,3.6011399110853653E-12,5.035755012799898E-12,-1.094240595196037E-12,-1.2397597883994097E-12,-4.693464260972706E-13,1.3770389175667694E-12,16693
5.751543682633933E-10,-2.1488749170591139E-10,-5.683222393122235E-11,1.3281451665016973E-10,2.2364057685253567E-11,6.400143611746566E-11,1.0191015009028569E-10,4.8049038304215243E-11,-9.37748505342567E-12,-1.4473350717335613E-11,16694
5.0218490556736344E-11,-5.544455162177545E-11,4.419397122818488E-12,2.677422412646812E-12,6.252089861273135E-12,4.614805910659214E-12,-6.0508203755355805E-12,-5.264876859839241E-13,2.8945730449484767E-13,-5.928778250258794E-13,16695
4.63497677606145E-10,-1.3870725958834553E-10,-6.790606294779837E-11,1.03470507397454E-10,1.6267084667665406E-11,5.8018554683689413E-11,7.62740738575321E-11,4.0166232253919114E-11,-6.8448412865312755E-12,-1.122939864091166E-11,16696
-3.5722400069885074E-10,1.0622657738324186E-10,6.560770848762172E-11,-9.765300117814796E-11,-9.711214660336642E-12,-4.0256335887918865E-11,-7.813521468054883E-11,-3.499960114778823E-11,6.268698949147967E-12,1.1166832244167036E-11,16697
-3.09256788349036E-11,-1.7213506830274196E-11,1.30562159588917E-11,-1.3037436540961833E-11,2.213595379210275E-12,-8.28739314646717E-12,-1.2426397948317527E-11,-6.21594316448954E-12,-6.285005849317087E-13,1.98075908652562E-14,16698
-3.981926162091569E-10,6.893197863593142E-11,6.517269819001782E-11,-1.0063537945209125E-10,-5.792788191866217E-12,-4.3753283442842714E-11,-8.51175006959363E-11,-4.1482971700207003E-11,5.662350702128229E-12,1.1423524134239451E-11,16699
-3.961666549174275E-10,3.378584707429326E-11,8.46790963743341E-11,-1.1939493924874342E-10,3.3504158023331996E-12,-4.554994424095418E-11,-1.1051000158635536E-10,-5.009325274911774E-11,5.511993753607468E-12,1.3696105222463423E-11,16700
-1.2578827389746224E-10,3.884984061797861E-11,2.1442293421797545E-11,-2.7474236124331966E-11,-4.7046758629729096E-12,-1.237833461814152E-11,-1.78406637865057E-11,-1.1915672501083945E-11,2.0711229247952633E-12,5.128131275839376E-12,16701
3.259644715420014E-10,-1.0193086235743402E-10,-4.797238186611144E-11,8.048188620627701E-11,1.0458887133762336E-11,3.913469378844854E-11,5.906195609146732E-11,2.891323986312856E-11,-5.108363503721968E-12,-8.777569630717262E-12,16702
2.112547508702965E-11,3.725878649972891E-11,-1.9552748872196618E-11,2.0769947049194368E-11,-3.842716933984636E-12,8.06128644763109E-12,2.0514542666104934E-11,8.493083602018577E-12,7.92114375256466E-13,-5.645709470329545E-13,16703
-2.8314186128159717E-10,1.0986519035267634E-10,2.4732851855021133E-11,-6.666537655701159E-11,-1.1865737873375905E-11,-3.159809730823506E-11,-4.958926785083576E-11,-2.3532959400234678E-11,5.031065583190128E-12,7.300935669051384E-12,16704
1.0096882772493555E-10,-8.784158404346334E-11,1.8824277555870283E-12,5.071123118043453E-12,1.2696353532515537E-11,1.1395529978445456E-11,-7.867012176311068E-12,-1.2943569802510153E-12,-1.7598248726782127E-12,-8.209983726572845E-13,16705
9.552046661063522E-11,-2.7529223180560065E-11,-2.1348382220067E-11,1.8638530684731443E-11,6.9426835952795926E-12,2.026898990604156E-11,3.4128350179269743E-12,7.62021496461414E-12,-2.2909235121796457E-12,-2.170917438752349E-12,16706
2.0313391282899383E-10,-2.374705462997715E-11,-3.974566231447885E-11,5.0468733528345687E-11,-1.553261832468002E-13,2.302029959266016E-11,4.607607075292438E-11,2.3194933492748464E-11,-2.8050184323362556E-12,-6.4078788425330686E-12,16707
-2.2538605903115934E-10,3.649754544871586E-11,3.746868472914122E-11,-6.169725857014779E-11,-3.748316308528336E-14,-2.6157055962836323E-11,-5.82071631116844E-11,-2.6485579681000302E-11,4.58664752777838E-12,7.467555199193071E-12,16708
-9.406815918248948E-11,-3.319463624230341E-11,2.0329093213952368E-11,-2.954171442906554E-11,7.674154525975438E-12,-6.9553742898900206E-12,-3.3020420387390255E-11,-1.6129237819771238E-11,-2.446749681486686E-13,3.49597083265209E-12,16709
-3.849517783538089E-10,1.1624863485459355E-10,5.832430872498068E-11,-9.005115024425451E-11,-1.3276142906115034E-11,-5.068893022150953E-11,-6.414060050091999E-11,-3.3866147627196504E-11,7.101684053911803E-12,9.93939193948753E-12,16710
2.647662198582496E-10,-1.0059195698289432E-10,-3.673994521917994E-11,7.932576425848038E-11,1.4738408921638723E-11,3.9406325743513324E-11,5.743741205125665E-11,2.531010640803916E-11,-6.81751927147156E-12,-7.2550240947569055E-12,16711
4.0259216691815655E-10,-9.309808948907793E-11,-6.123484101818143E-11,1.083049769092327E-10,9.529209782470047E-12,5.1571345653024356E-11,8.609989655760621E-11,4.1703266525006217E-11,-7.138083555322042E-12,-1.1012961087910848E-11,16712
1.9306522495625224E-11,-2.6338253102924768E-11,2.2462679460822056E-12,7.50298533516447E-12,3.3875301630666344E-12,1.093136000194278E-12,2.25034635874306E-12,-6.609611489660839E-13,-7.095408302990409E-13,-5.983088878618671E-13,16713
-3.723737270300688E-10,1.998097995925845E-12,8.026041009295703E-11,-1.151514803817625E-10,8.504123205468334E-12,-4.370038354086402E-11,-1.0952978846419808E-10,-5.268884262577929E-11,6.212085952298154E-12,1.4225907678960627E-11,16714
-8.436840542067895E-11,-8.582225195434527E-11,5.874193576706243E-11,-3.890454261768941E-11,1.8609803620464097E-11,-9.732033217369577E-12,-5.23853450365175E-11,-2.3146986157142264E-11,-6.306306498247452E-13,5.1369715491950104E-12,16715
-1.3734809344352489E-11,2.225162224933547E-11,-5.287782398951912E-12,-1.802302137061689E-12,-3.8860363742602705E-12,-9.256428917123019E-13,1.1102459078122811E-12,9.799879175111185E-13,2.8743583135028035E-13,-1.4956082592991428E-13,16716
6.371432441779277E-11,1.3944039805355573E-11,-3.494473099351341E-11,3.0970404060163584E-11,-1.8150485055845366E-12,1.572319182604227E-11,2.52734859090695E-11,1.2208518287006689E-11,-1.82276369464773E-12,-2.8911887435903184E-12,16717
1.9021974170503252E-10,-2.486168103963543E-11,-3.6483406551254746E-11,5.884537715501925E-11,3.776661637609548E-12,2.5616539386035663E-11,4.5688755829088E-11,2.2654849868883823E-11,-3.38695188961611E-12,-6.173710592851731E-12,16718
3.5350231587751573E-10,-7.826739188940339E-11,-6.11711584493041E-11,7.99837984235508E-11,6.402278188954543E-12,4.068868051695459E-11,6.561943198480362E-11,3.337487458518871E-11,-3.91700955098888E-12,-8.902818050791456E-12,16719
9.350206603810809E-11,4.144024297528951E-11,-3.80788635191382E-11,4.3985544239568444E-11,-4.858450068585209E-12,1.953268462461391E-11,3.879575580852135E-11,1.8977634701557455E-11,-1.0917994033993677E-12,-3.2882334637403702E-12,16720
5.754969451211529E-11,3.777158420387164E-11,-2.1800941697147677E-11,3.4757757257089914E-11,-6.17216784291468E-12,1.0584934466716597E-11,3.5125346184364446E-11,1.5630745589682155E-11,-1.4439148866735565E-12,-3.538400712771067E-12,16721
2.019785519716852E-10,-7.611744840962725E-11,-1.7807566753931745E-11,4.417857703457785E-11,9.813921078256299E-12,2.3886561424477896E-11,2.8217060092483048E-11,1.5062335670697436E-11,-2.868315957096335E-12,-4.542029053329607E-12,16722
3.854742711609539E-10,-9.91788467953467E-11,-6.581604247875215E-11,9.821788614614806E-11,8.658689224864666E-12,4.662687248654288E-11,7.857614330564841E-11,3.830880150460033E-11,-6.2966601643363515E-12,-1.1367324448605044E-11,16723
1.4036011481347358E-10,1.7901439993415037E-11,-3.552312044955422E-11,4.638928150040113E-11,-6.2659644965767145E-12,1.578734982567966E-11,4.6605180650152475E-11,2.1660178970657286E-11,-1.872947166199055E-12,-5.478218586213244E-12,16724
4.414540674738906E-11,8.885674907107022E-11,-3.404494665949887E-11,2.542571802155261E-11,-1.7644536198202024E-11,4.171403396547813E-12,4.0632383373024625E-11,1.6879532954411135E-11,8.341313871155785E-13,-2.615804961471321E-12,16725
5.083465604972809E-10,-1.2609323857401536E-10,-8.186298743629746E-11,1.2630169479936535E-10,9.729425703393731E-12,5.8025217650980315E-11,1.0344103414533007E-10,5.0976233832284735E-11,-8.216170226658368E-12,-1.5299691763837458E-11,16726
-1.2996978276281217E-10,4.631432432785925E-12,3.1476316211769556E-11,-3.504036252682446E-11,2.1741074061095722E-13,-1.543668502373545E-11,-3.342523338773537E-11,-1.4522888215613188E-11,1.2878922640058473E-12,3.0312649547002436E-12,16727
-7.027411791435772E-11,5.944191128890785E-11,1.3524786049236923E-12,-1.668614529113569E-11,-1.0343204511876606E-11,-1.0756159930388696E-11,-5.797964122499047E-12,-1.581204036789536E-12,1.826605315534423E-12,8.285685450283226E-13,16728
7.459027662733675E-11,-3.481950106040112E-11,-4.778994926893445E-12,2.0322981828112195E-11,4.479782278585771E-12,5.00757690875648E-12,1.772102738619421E-11,5.623880655634565E-12,-2.053215939450228E-12,-2.4022215627851854E-12,16729
6.620172130558797E-10,-7.05843567500764E-11,-1.3677774797228892E-10,1.8953430207287325E-10,1.9721358853970595E-12,8.613388639993167E-11,1.6354866228612305E-10,7.861961821468062E-11,-1.0422456558578948E-11,-1.990947971535859E-11,16730
-2.2614292667835723E-10,9.095946201008243E-11,2.8460643675606034E-11,-5.2534953382515284E-11,-8.444187642495421E-12,-2.3896783704919984E-11,-4.1217695056820285E-11,-1.8677265037234345E-11,3.833201890139288E-12,6.482080269014527E-12,16731
-1.5882523947218748E-10,2.8443255698979075E-11,3.011193019609136E-11,-4.483125685042541E-11,-9.981836636566354E-14,-1.8696251066193615E-11,-3.960165766021262E-11,-1.9780996059615567E-11,3.711604300170507E-12,6.3988808035881014E-12,16732
3.870386369189016E-10,-1.2462460949194897E-10,-4.6849859673177756E-11,9.421304624856707E-11,1.476134436017324E-11,4.3578325941516104E-11,7.08305116454385E-11,3.360670988854642E-11,-6.219779757059427E-12,-9.82766822745872E-12,16733
-8.346446364108988E-11,4.1975077213995206E-11,9.343997128872352E-12,-2.184415424615391E-12,-8.364922938483827E-12,-9.150252321696413E-12,5.622483096322954E-12,3.9817785290271874E-13,8.54045002538654E-13,5.5658743487523706E-15,16734
6.087989971563734E-10,-1.6824715513631213E-10,-9.976698160910749E-11,1.506784182058061E-10,1.901694287700772E-11,7.378096967180917E-11,1.1372551815066675E-10,5.5896615605749584E-11,-8.28721364992221E-12,-1.5795797988217107E-11,16735
-4.905591177247783E-10,1.5105587825578994E-10,5.564610187218663E-11,-1.265975576094273E-10,-1.7462495187324743E-11,-5.630018117118743E-11,-9.382304456806129E-11,-4.634921626261471E-11,8.146165337070382E-12,1.3763093143811484E-11,16736
4.87617672071107E-10,-1.4528614792733171E-10,-5.8098638366589685E-11,1.188090014738739E-10,1.1323556528885665E-11,4.9291587698590924E-11,1.0020064653675864E-10,4.8130709535224975E-11,-9.196183650476401E-12,-1.574906049576381E-11,16737
-5.265869153720935E-10,7.948359563342928E-11,9.251991138421491E-11,-1.4453365434848728E-10,7.511085798744477E-14,-5.8101321134359275E-11,-1.3118854988542638E-10,-6.136703287810494E-11,7.972566323816066E-12,1.718056172658239E-11,16738
-4.019184324620878E-10,1.6987450887610286E-10,4.2045584203680414E-11,-7.902837416622426E-11,-2.1454862346690035E-11,-4.931936062821021E-11,-4.581127828956739E-11,-2.7068876142175765E-11,7.997822458060229E-12,9.273231371147522E-12,16739
7.104184408474579E-11,-1.949256495953314E-12,-1.5734771697875896E-11,2.097854218638226E-11,-5.385516374667158E-13,9.446942365638035E-12,1.8118658281761368E-11,9.087560329978119E-12,-8.817897166518019E-13,-2.171103080229541E-12,16740
3.7453291511922217E-10,-1.2163026740090338E-10,-3.844102633421776E-11,9.273923287434904E-11,1.9675131245781762E-11,5.3532548045603985E-11,5.972259040588267E-11,3.169814018892468E-11,-7.2630845815661375E-12,-7.511679480363377E-12,16741
-3.418730137934004E-10,1.6964229303632206E-10,2.3991592297258702E-11,-8.100924297221394E-11,-2.1826638973366473E-11,-3.624027134228222E-11,-5.396236612881924E-11,-2.45326122098939E-11,5.409220656191041E-12,8.53390197224155E-12,16742
-5.432397826641313E-10,1.47342243034154E-10,7.395287570609215E-11,-1.3615442341886468E-10,-1.6113531439054486E-11,-6.630795080327408E-11,-1.0755004582815782E-10,-5.059900667907994E-11,8.353422833654148E-12,1.2951910991371345E-11,16743
4.68368375040603E-10,-1.2335994118247952E-10,-7.383021222095332E-11,1.1545006275160546E-10,1.1735102316251478E-11,5.227374213601369E-11,9.388788066405733E-11,4.489670724633502E-11,-7.754405626706324E-12,-1.302611545657156E-11,16744
5.1003998009743024E-11,-5.329116690702897E-13,-1.414931989737689E-11,2.0202609782876605E-11,1.205531294978552E-12,1.1115782589487747E-11,1.478467281694806E-11,7.27730721568073E-12,-1.2354756807330469E-12,-1.3930612934582947E-12,16745
-2.9436922034737815E-10,1.7458221642697555E-11,6.214261134525582E-11,-8.420317005794673E-11,1.2380406173191977E-12,-3.922175028407583E-11,-7.289031757773932E-11,-3.5992131923561726E-11,3.163546472995145E-12,8.328567336694697E-12,16746
1.294725178020128E-10,-5.17466980942153E-11,-1.347991717671955E-11,3.144224332366691E-11,6.301445353664238E-12,1.4014467015450246E-11,2.2160209328874205E-11,9.970652586358978E-12,-1.9700998879894185E-12,-3.2257976369691206E-12,16747
-6.834777559151581E-11,-6.569611527733655E-12,1.7715649114281755E-11,-2.2875120369398754E-11,1.2009294285897917E-12,-1.0000223794899421E-11,-1.921864549245466E-11,-1.0210393178410163E-11,7.046030599596304E-13,2.321299427014929E-12,16748
1.2450054620399197E-10,-6.536633547824219E-11,-4.821974520629033E-12,2.126505131841903E-11,8.062451540415495E-12,1.2521459711966988E-11,1.1231450842576893E-11,7.77547870583377E-12,-2.1146273396695388E-12,-3.268354341941678E-12,16749
2.344804336097809E-10,-3.213172754157861E-11,-4.368137018764215E-11,7.439063585199967E-11,-9.807452745652882E-13,2.7529253733257003E-11,6.751109509055211E-11,3.0930156479994016E-11,-3.1173098778071054E-12,-8.080024081257668E-12,16750
-3.0424515056917736E-10,7.057663573462611E-11,5.434440365273694E-11,-7.111235953943064E-11,-7.700722140620833E-12,-3.603798194660342E-11,-5.430055830322304E-11,-2.6237958692352734E-11,2.9496273667006925E-12,6.582754850374878E-12,16751
-5.735356687453817E-11,3.2215229207928E-12,1.3473737567988258E-11,-1.6561400019341576E-11,2.125668834087923E-12,-6.303780171145534E-12,-1.761040509357589E-11,-8.65707824744346E-12,1.3189219853098278E-12,2.6192076637406328E-12,16752
-7.344655822287397E-11,5.742482461200585E-11,7.738273515094669E-12,-1.4247364639282019E-12,-8.562105032323867E-12,-8.753676865390022E-12,6.33049457052519E-12,2.0136635530454897E-12,8.232831369853538E-13,-1.9654292230523657E-13,16753
-6.779669998250957E-10,1.577129268428682E-10,1.0983546147397334E-10,-1.8874865981052076E-10,-1.887812059937028E-11,-8.858525990153772E-11,-1.4903119749176615E-10,-7.103463041127028E-11,1.1904945863847058E-11,1.861636852331767E-11,16754
-1.0736004880010126E-10,5.271638532234104E-11,1.3015098889585003E-11,-2.264182573620098E-11,-8.657848644403008E-12,-1.7491085378260836E-11,-1.0026536652596009E-11,-6.235073643447011E-12,2.1265795787692526E-12,1.907484653883358E-12,16755
2.7803319208549196E-11,-2.5001181704887175E-12,-1.198053004469451E-13,1.0372716635695826E-11,-1.5504897063261146E-12,1.4329876936416995E-12,1.1567796523691806E-11,4.830651334320934E-12,-3.401485481654482E-13,-1.1669830700696466E-12,16756
3.5058595240968515E-10,-6.905418444728517E-11,-5.5832606958723806E-11,9.699932951000585E-11,7.022667364869588E-12,4.432429913115387E-11,7.966638392102139E-11,3.7595753553385616E-11,-5.540970654689194E-12,-9.471159495877588E-12,16757
-2.39623033611785E-10,7.718979448182846E-11,3.6814167459787137E-11,-4.6947596674279596E-11,-1.0720566227206888E-11,-3.306097701377866E-11,-3.3368905115558726E-11,-1.8248498152323876E-11,4.879859105463353E-12,4.7505253213461704E-12,16758
1.468028201666166E-10,1.1969923341891066E-11,-4.370341608334726E-11,3.684330252237092E-11,-2.6504185109440885E-12,2.2732854789457908E-11,3.0735573760625026E-11,1.9033059297069535E-11,-1.6809619453778654E-12,-4.176513636168236E-12,16759
2.357890198610428E-11,-6.072164139743607E-11,1.6366877870759942E-11,-1.9766091082571365E-13,7.03467718587452E-12,-1.1931734759938852E-12,-4.367358639903891E-12,-2.419638284119946E-12,-2.4770876910119425E-12,-1.3539336059029916E-12,16760
-2.386965096339184E-10,-3.1433927622573624E-11,5.4138870272464E-11,-6.996904173997006E-11,1.4563081091518915E-11,-2.241524584954052E-11,-8.360140333205508E-11,-3.5445693465359075E-11,2.8116143031762048E-12,8.105180853263473E-12,16761
-4.241525980482376E-11,-1.9945637454073457E-11,1.6268628418919413E-11,-1.337416605962185E-11,4.090220200052293E-12,-5.992153951163088E-12,-1.499838944637444E-11,-8.055451586614893E-12,4.2422618295434115E-13,1.8049862837336312E-12,16762
1.8332106181666017E-11,1.3609794766101379E-11,-1.2353949523412323E-11,1.6568957634738658E-11,-1.1155707714458358E-12,7.142830227056147E-12,1.0710248305947272E-11,5.529605715119796E-12,2.7655229250910547E-13,-7.481525932496606E-13,16763
-2.019448401496691E-10,-1.6842559225594694E-11,5.1824813549861993E-11,-6.945924482573945E-11,7.354003889679533E-12,-2.5033029777245555E-11,-6.773506378480401E-11,-3.090457845096368E-11,2.6818967965230047E-12,7.637546580066457E-12,16764
-9.873621009284098E-11,-2.6699028926575078E-11,4.021760333364763E-11,-2.574128988430133E-11,4.704514401826249E-12,-1.8107821972683755E-11,-2.3202869028087128E-11,-1.3601734387145926E-11,3.375448139008802E-13,2.1842805401184907E-12,16765
-1.880370411063807E-10,1.070476043962921E-11,4.281158180707566E-11,-4.885732355957896E-11,-2.6992830804792265E-12,-2.53086649185487E-11,-3.947070930137807E-11,-2.1087181422256907E-11,3.6602559501379365E-12,5.2504824572561E-12,16766
1.83757168624312E-11,-2.5060677174264116E-11,9.848220045473069E-14,-7.798305355205429E-13,2.2596187702341837E-12,1.0847493365123042E-12,1.287343494249076E-13,-9.234869444075805E-13,-1.0888094113009195E-12,-3.605366102525342E-13,16767
1.2280011637739988E-11,-6.886477883106837E-11,1.511373888305701E-11,-1.7921133212772647E-11,7.737940912359785E-12,-3.60398848671454E-12,-1.6372615660770157E-11,-7.864039866118897E-12,-1.025910703362221E-13,9.227991399251376E-13,16768
-2.9177294344011594E-10,8.328112648570871E-11,4.49641203546733E-11,-7.277328881152832E-11,-1.0418239645733064E-11,-3.905665232680099E-11,-5.222293676696118E-11,-2.662347833818965E-11,4.9689687199734125E-12,7.315692242912083E-12,16769
1.7227218360821649E-10,-5.152021100690685E-11,-3.089398834458554E-11,4.4477427442190004E-11,6.832611477216863E-12,2.5369945962828203E-11,3.136261334349922E-11,1.5920303200052968E-11,-4.037148230755397E-12,-4.695107626539586E-12,16770
-8.549389441507077E-11,4.807283934667544E-11,9.357252046728981E-13,-1.8709819610233173E-11,-4.230095085625683E-12,-6.636567523377935E-12,-1.3025697028482359E-11,-5.76427806995393E-12,1.8148501010820198E-12,2.559894696839843E-12,16771
-2.133944903777991E-11,7.502305980264225E-11,-2.1202339008290186E-11,1.4157275078896219E-11,-1.0119291158544865E-11,3.904923907424085E-12,1.762100402404177E-11,9.21070981008137E-12,-6.426153116445168E-15,-1.1938531127589354E-12,16772
-2.2495680863932157E-11,-2.6218968535772754E-11,6.136834969165246E-12,-1.6026086377703435E-11,7.59508065931335E-12,1.3788777180288225E-12,-2.5237377099778028E-11,-8.838591726610119E-12,5.696173388510414E-13,1.9919803605623746E-12,16773
-2.573784292722519E-10,6.2675059080838094E-12,6.406174838551004E-11,-7.37861991425228E-11,2.160924943819295E-12,-3.7011499772527086E-11,-6.548052154942556E-11,-3.230808553923094E-11,4.4234827485707596E-12,7.761173149565945E-12,16774
4.058789984700351E-10,-1.5287354385605934E-10,-3.941573527859286E-11,8.90091053916015E-11,1.8597740128676507E-11,4.630489198486962E-11,7.010954017650287E-11,3.320816026758518E-11,-9.515325859556506E-12,-1.02630868890539E-11,16775
8.931238113152665E-12,-4.469694976663738E-11,1.5877162367285567E-11,-1.8571777061768063E-11,6.379670364230874E-12,-2.9041514215262606E-12,-1.969486657222521E-11,-7.44413861444333E-12,-1.8543015717632984E-13,1.2092084176510877E-12,16776
2.36387724364651E-10,-5.016314290769918E-11,-4.26853781668676E-11,5.720041026353337E-11,6.516247233216445E-12,3.010907827652354E-11,4.3649929786128056E-11,2.1717721679795897E-11,-3.1642024982987977E-12,-5.501474136056404E-12,16777
2.747162083917054E-10,-8.399190536137054E-11,-4.248081096041535E-11,4.524000937365603E-11,6.956305063205776E-12,2.986444997920244E-11,3.2793195129962185E-11,1.9862713254444872E-11,-2.221481616772706E-12,-5.815669359884041E-12,16778
9.455954511663544E-12,5.254143460972377E-11,-1.9065754118189928E-11,1.3511029488989247E-11,-9.735042645196668E-12,3.5300890957854787E-12,1.8921445189766915E-11,8.667417137657364E-12,3.107740964540975E-13,-1.2082205548033443E-12,16779
1.3458767970140233E-10,2.001833890685802E-11,-4.1449415279026556E-11,5.247932687220255E-11,-6.228218174561624E-12,1.75593097734939E-11,5.210120113625962E-11,2.3123651034089187E-11,-2.5490561043591657E-12,-5.977630818620447E-12,16780
2.461927545000342E-10,1.5560453732834065E-11,-7.242541985852037E-11,9.110809864212422E-11,-2.738306530298679E-12,3.445502369217479E-11,8.236302938864794E-11,3.6450165164151846E-11,-4.93990231846206E-12,-9.307777299437489E-12,16781
-1.4040124783002943E-10,8.574370605473037E-11,7.977341656341544E-12,-2.158298376994831E-11,-1.2590543217937459E-11,-1.539041889488923E-11,-1.0354421258070898E-11,-4.991763995059364E-12,3.137986786436942E-12,2.443219559897254E-12,16782
6.572490749907506E-11,2.8025327903751277E-12,-1.7275808426535916E-11,1.949791133201802E-11,-1.627576567112787E-12,9.95705222641858E-12,1.5067238004499476E-11,9.318491719318033E-12,-8.179941293321515E-13,-2.2614929017262802E-12,16783
-6.320708362055222E-11,-1.7565861770646003E-11,2.0980438305739056E-11,-2.7585155447893363E-11,3.2806919465434523E-12,-9.135866163209002E-12,-2.596757557419783E-11,-1.1973305085172539E-11,4.625098012486022E-13,2.6105612803417963E-12,16784
1.851089879747333E-10,-5.7009125888459934E-11,-1.1154713100277072E-11,4.785737163142428E-11,4.8530436700765965E-12,2.014380880540014E-11,3.834971436543134E-11,1.782482388407365E-11,-2.01325547757968E-12,-4.6179561963561746E-12,16785
3.0133476021986703E-10,-5.18982224410172E-11,-6.050916226094064E-11,8.881471700393524E-11,7.144113293723651E-12,4.2737569525930725E-11,6.849513571940028E-11,3.4330913475254685E-11,-6.124776880882372E-12,-9.331103473494408E-12,16786
-2.2064167767804096E-10,7.972570894040026E-11,2.6693361794760362E-11,-5.3058877792144253E-11,-7.123769555027407E-12,-2.426934035763114E-11,-3.941850502757527E-11,-2.054413424627003E-11,3.373230794859849E-12,6.889964053279007E-12,16787
9.403956974437923E-11,5.6720440183490665E-11,-5.605351406492952E-11,5.6992428075108524E-11,-6.208712494365905E-12,2.5292370154111356E-11,4.9484521891476676E-11,2.2969555558275654E-11,-1.2655662692641613E-12,-4.267317529282712E-12,16788
-3.5546397930472314E-10,7.578227494561869E-11,5.4460891070856824E-11,-1.0488289358578226E-10,-6.771764619577036E-12,-4.189257597946719E-11,-8.780166065286967E-11,-4.073330510659542E-11,7.2158097158198486E-12,1.1931871357330578E-11,16789
-3.9311809953136516E-10,1.2490319083105223E-10,3.8356855673881E-11,-9.309568131059867E-11,-1.4401897861845736E-11,-4.6260289997141525E-11,-7.314510331442926E-11,-3.4774032031656125E-11,6.862066046381555E-12,8.988796047059749E-12,16790
-2.1316425072668833E-12,7.023040735864546E-11,-1.97679638583504E-11,1.3811676394356121E-11,-1.299730358210369E-11,1.4923574316093985E-12,2.2315245860434923E-11,1.1677308703838499E-11,4.933945722739443E-13,-2.2421220288507613E-12,16791
-2.5814511151289795E-10,6.650624623543864E-11,3.8069538366397154E-11,-6.883368705745909E-11,-6.336005602018898E-12,-3.145771287686706E-11,-5.4321338721075115E-11,-2.6520093131666265E-11,4.5568251169077536E-12,7.691312232257087E-12,16792
6.050053362952339E-11,-6.473079666327613E-11,1.6684619434464362E-11,1.7748553170322332E-11,1.1224911317757774E-11,7.639192429840047E-12,8.673099194273235E-12,2.783444041366023E-12,-4.302914285073823E-12,-2.094803126026475E-12,16793
-7.842732898507834E-11,5.962394083991751E-11,-5.888501374621672E-12,-6.333438198196455E-12,-8.627612959548973E-12,-5.408093387515546E-12,-4.366261534851766E-13,-2.865343391763458E-13,7.039558008988002E-13,2.395949118063612E-13,16794
-1.006231989278699E-10,1.5839005163620908E-11,1.7083308676526186E-11,-3.3084140135798644E-11,-2.8217086548074628E-12,-1.4128127110801456E-11,-2.5289638814875043E-11,-1.1469002571258679E-11,1.9110539674887104E-12,2.8317322644619684E-12,16795
-5.940709425545792E-11,-1.917394262209825E-11,1.7580642612418988E-11,-2.1168067574077606E-11,-1.5737991262523473E-12,-1.7015457110026257E-11,-9.013353981924618E-12,-7.992411642342935E-12,-2.9765153997790366E-14,4.303414396164862E-14,16796
-4.0092448606200904E-10,1.2232091079801822E-10,5.4787854843600084E-11,-9.251766774568113E-11,-1.267958789436196E-11,-4.818213414553236E-11,-7.421291478542935E-11,-3.600948160056442E-11,6.712211610269214E-12,9.82159839429616E-12,16797
3.3587647478091004E-10,-4.8900109583962873E-11,-7.763915778141871E-11,9.553606393700406E-11,7.003901138338511E-12,4.836700277278364E-11,7.28553527869465E-11,3.5688702007639164E-11,-5.637733063144521E-12,-9.235015735622249E-12,16798
2.692942799965114E-10,-4.4271910122054555E-11,-4.867504836551112E-11,7.164555890092153E-11,4.371351634641767E-12,3.393608106569473E-11,5.737279402974084E-11,2.8644849787665644E-11,-3.758187519182511E-12,-7.396536292669721E-12,16799
