feature_1,feature_2,feature_3,feature_4,feature_5,feature_6,feature_7,feature_8,feature_9,feature_10,label
-8.7560707540517,9.89400973628063,6.894866561287544,-5.004112619612978,-6.38206553733233,-6.949222058790726,-4.02930201556988,-0.02630321871975705,-1.8337244196397522,-4.276580265540024,1
1.5592892671304552,-6.202145238102071,-8.722715798443947,7.861381574352333,9.607130403204122,5.763402418546324,-3.2909219119632285,-8.045629737758237,3.961455220014764,-1.8672483937186213,3
-9.071142777462699,9.828954282049024,5.994045724577219,-4.9930303051119544,-6.738675067437821,-5.766269344134522,-3.658054021428307,1.781857206401343,-1.5175258148179815,-4.4199389533219,1
2.419367478781079,-7.587312086294079,-4.863095308148982,-4.046601118296971,-0.633845282549495,4.608157287906835,-5.93978341722389,0.10027501701465819,2.323691320047587,-9.28242359524295,2
2.709387683955803,-7.89105326641621,-8.667124106862884,9.36854624131486,10.612293867084556,5.830710782563789,-3.680603593485825,-9.309261674665978,2.010291187224021,-0.6056080621607832,3
2.2957365339981424,-6.222801385316711,-3.8702730721239886,-3.2755246712476653,0.10375866342835294,6.192051518637593,-6.3166551716227435,-0.05095630890723779,2.055894258839383,-8.746762388912735,2
2.4616079026004685,-7.074286426435051,-5.046149791394059,-2.47189403611497,-1.4609687579053963,5.256721319290327,-6.577287296654091,-0.4616756840572249,3.335631359352723,-8.139054402208163,2
-9.528587414288435,8.832411038091237,6.0675417314188405,-5.387457912748447,-6.070621901235909,-5.3507907878688235,-3.4598400760339483,-0.5570275785871153,-0.6247362947516423,-4.8740596351592504,1
-9.282453395261506,10.231649435590326,7.313540710817362,-6.792646364349409,-8.151245450289355,-5.677885865063832,-4.8719702297000405,0.3377928513198788,-2.1801787453992367,-5.436803502345175,1
1.3864121977847694,-6.494780682729567,-8.002854977438174,9.429915076046852,7.652479108889962,7.597395719378738,-3.7010286580979788,-8.590107118217421,3.794650073536796,-1.0736172494560885,3
2.378688051943551,-6.067822957596787,-4.67023012616243,-1.4001197883356886,-0.33599146983493244,6.090647287956924,-5.842707238785602,0.110718735620118,2.6886635381725608,-8.972739836706412,2
-9.084479554580223,8.492905972730071,5.97934735223583,-5.422533391918213,-5.324619435882813,-6.082980458781361,-4.134295762175453,0.4946326164411051,-2.2363850409364874,-3.7522564675904047,1
2.6212582634989148,-6.320576075850043,-9.395068105554264,9.15239447778532,8.484501332177114,5.991012683761892,-3.1871354458638583,-7.4888663709228025,3.6952885900214407,-1.8793147283539624,3
0.8546071259265056,-6.041004760895145,-9.174018283200281,8.754944475646832,8.765831196799407,5.986086863791963,-2.788747938065148,-7.485067798839638,4.288216988564021,-2.1883090642628247,3
1.5584452341078854,-6.998952883646608,-9.034099140359592,9.229343803349654,10.956993712181717,5.666716556936133,-4.19936233046341,-8.090743829050195,3.9617197243399604,-1.0124645568396236,3
-2.985214928157694,9.176863716211024,4.845029567537178,1.4731236913222747,-5.573585033349941,-6.548426548637695,-9.672240204677864,7.783110441542384,1.3400230657050507,4.712410778540625,0
-10.12670975893506,8.740264872463682,7.2294852053606595,-5.888896083575439,-6.548661044775415,-7.734613458016051,-3.470362519662787,-0.3723522437526735,-1.3191467859712553,-3.9812533394684273,1
3.3916945204743345,-6.460695394973732,-4.667828758160823,-2.419771012034994,-1.783799396290334,6.104192445683246,-5.691101967829028,-1.0241826694002822,1.0350426865021953,-9.269188973320682,2
2.421364895722409,-6.003082571171557,-9.174429597529478,6.9377315521948075,9.67889689150711,5.313722479368439,-5.319861775218275,-10.029185867361221,4.254447132381556,-1.1069179099244966,3
-9.539273599904725,10.21151185506562,5.999705622075034,-5.586359498520127,-5.680862315010287,-5.981143883973432,-3.782448009190125,1.1958608974417562,-3.2533622322571514,-3.700904472367526,1
-2.313219584628876,8.226443795089459,6.35190522195988,2.063624511323391,-6.803050834927845,-6.372072956546862,-8.50162129442031,7.480241732494095,1.4689681160524573,4.491479405916106,0
2.962463768339132,-5.9083464335436195,-9.2443330578581,9.119975913276887,8.992297386954856,6.2979289686223385,-2.851332907149401,-7.622633357030403,4.040686391506547,-1.4981666491762227,3
-9.239554890136201,10.196301370204772,7.755231296606297,-6.463783720713985,-6.931100913705224,-7.212214304171555,-4.0789690421841325,0.8215794947571914,-0.6699654655453139,-4.228582912588927,1
-10.37409147845504,8.755945068529902,7.361215842798887,-5.563171068856524,-5.977467263190322,-6.093497351450976,-3.6416679961595446,-0.4334018571730007,-0.6279772325226715,-3.3567042013397197,1
2.682557459269042,-6.793748568835146,-8.740846440765342,9.32320288810067,9.51626860180419,4.771074716013004,-4.692595234598661,-7.3959707305187505,3.5921649180120543,-1.5635620371479684,3
-8.379435418220567,9.118451713309664,6.806132124034756,-5.100404204123314,-7.3563566689111095,-7.564475971317867,-4.983114561008312,1.3789375050437847,-1.7474003292823979,-2.384677696071385,1
-2.4670364760940315,10.738555606938021,4.505226160881316,2.1842528235742606,-6.90392542994494,-7.698184219609619,-8.038351786475497,7.8498760383794455,2.5760225977943083,3.524880337564592,0
-2.9217529529136983,9.609007596113038,4.889789676403635,1.4881329672582742,-6.249907278347995,-6.66499992866232,-8.269324273448738,7.764263104845232,1.442003727218725,3.7693248277830302,0
2.1194719169429908,-6.4617668048347205,-9.168048780612372,9.797913285367978,8.48931932590284,6.509239170289924,-3.0804008514606136,-7.709922054948095,3.5428935712977565,-1.5667580578720584,3
-9.812203380362341,9.504427637814004,6.06425278486742,-4.290540681248135,-7.488863374840628,-6.202591397704317,-2.498630787348498,0.4998885238367557,-1.4941269516587312,-4.425628992006461,1
-3.000634788766897,8.784922625579885,4.365403129035591,0.948709220248249,-6.672342997206067,-6.697370902750024,-8.834748336986287,7.159311922136101,1.0315407154288856,3.866999829985158,0
2.170936794338188,-6.916395806542281,-4.761825101708473,-1.7771376819657403,-0.14939305081808463,6.112000239968594,-6.0971864296372145,0.690588867978825,1.3534665796497056,-8.472102784285546,2
-2.6977824071639405,9.516565707255495,5.691528772695321,2.0250360302345745,-5.7395963092513655,-7.846180614026371,-10.030695464184618,7.28463952627107,2.2911460491216906,4.1385652322550435,0
-9.362092714154604,9.294875232830819,6.3226272647006665,-6.8695099335212335,-6.003980581259186,-6.704800390694661,-4.734096925806448,-1.5154549166523972,-1.3803600606931306,-2.9348410783703405,1
1.7385185450819776,-7.244434935387868,-8.823510653357488,8.338743101559107,9.020439394098585,6.4087847074236475,-3.6638853990602978,-8.675038766370262,3.3432667691790163,-0.44491702186880244,3
-2.9301549738186,9.238133482098098,3.524783222755933,2.281502000513011,-6.893373650399947,-6.493366625183943,-8.681587862790748,8.278421216480394,2.109957386717711,3.860867677133232,0
-11.109178796293776,9.991392217245181,6.27412308584069,-5.816591084047389,-6.131114424459677,-6.1985600270859775,-3.418538868811918,0.19028817324586694,-1.0019255684344273,-4.357099870347903,1
-9.461595022991355,8.490414679670794,6.928634382235285,-6.209167612088757,-6.733532333082818,-5.921454989802759,-3.0483569908057007,0.5100187363600004,-1.1449165183384105,-2.9838667347944945,1
-9.144005086090711,10.174986932609242,6.935725875858394,-5.922098144667457,-5.8926990650160755,-5.001992448504673,-4.007998763277047,-0.18704188062469174,-0.5861431586568042,-4.25968401080668,1
-2.3377210232766443,8.65942590543853,4.310152022295275,2.1356046400910773,-7.893286230199397,-7.865334235339535,-9.341238711512716,7.17410990930041,2.2399355307827786,5.1942009077855955,0
-2.243059127348576,9.441696149896998,5.031732149779829,2.729716191828967,-6.295881682967037,-6.558683537816041,-8.887443754657063,6.160850262037509,2.3230329882569856,4.306832936935087,0
1.8381748446804587,-6.979466672058057,-5.219128616965812,-2.14735771686093,-1.1699363990789582,4.912470690532023,-6.3215333574298755,1.1646932200760336,1.4735568163294936,-8.82007421285331,2
1.6896554496898641,-7.7419149691953635,-5.396855016457301,-2.342683467833422,-2.1604017304961256,4.843608545974239,-7.459435963187779,0.22443998331860743,1.7430670550505394,-9.2996790948305,2
-9.092634040401938,10.067888664996095,6.098660193652871,-6.685080853924921,-7.648844417030295,-5.976315874092543,-4.687511765130957,-1.0118947824219806,-1.0890946039860103,-2.4303175338362077,1
-1.3795997347116973,9.331760139258108,4.468969191524647,2.648030701742582,-6.046997848904022,-7.739435063871841,-8.42014770774111,7.814343835116332,1.8140057825121814,5.124446325239043,0
-9.955171992638165,9.504845453663492,6.073158863340895,-4.968496319307347,-6.36335571041525,-6.338420027728354,-4.144681442368288,0.6037621113460426,-0.783530841890341,-4.7824083470367915,1
-2.9465706274397254,9.032549863345904,5.002240150556488,1.4651490147333062,-6.748890456017315,-7.408877645923273,-9.266390218730374,6.338860147704947,1.3760369625865427,3.2152723319894756,0
2.5946123564169064,-6.488716377022323,-4.617591216992133,-2.0745954751795352,-1.6429540459359995,6.326692478445829,-5.886236818977334,0.6719646222615812,1.0253751533034539,-9.697540635193668,2
-1.9860920994664668,9.441545314001747,4.625247720453197,2.0552988522568794,-5.985261764099373,-7.294209565461028,-8.455359589816984,7.181988058794977,1.8699233926051215,4.930595352311942,0
-10.650821736760518,9.14827660267526,7.272121030472286,-5.350574275159881,-6.013034650891141,-6.297068221904651,-3.910210929769522,0.032903835013344374,-0.8719197330159109,-3.8807361349665883,1
1.5234641770143234,-6.436005890213865,-8.144666623022763,8.578262443926587,9.909368711894253,5.30751844386893,-2.8912422271047946,-8.03665323439629,3.2671725446649216,-1.4063773659071772,3
-2.3593320021616075,8.14226898309993,4.761105484323929,2.242891849750918,-7.498327396492063,-6.772502019114077,-8.79758165372381,6.523443707017267,2.272751387107974,4.554000724378673,0
2.394190167691253,-6.5288291366640925,-8.449999876300149,9.111814922402528,9.667009354005335,7.181060951903486,-3.5100523729425346,-8.781316569109281,4.638454527141854,-0.04851993076617189,3
2.772149815218608,-6.056924868236136,-8.656907944063795,9.24952914886308,10.187294091985498,5.235002784093466,-4.152332145584456,-8.58735584400169,3.9500677133514244,-0.33579460225242175,3
3.6311452059909035,-7.7925657003540625,-4.542187727351214,-2.775680930527761,-0.29008617816859605,5.848980983007592,-6.91136209983939,-0.08782922591680009,1.4231432739923018,-9.125046477256177,2
3.8342141800247798,-7.642471960812751,-5.231635202568288,-3.9887701578616004,-0.37970189545634864,4.385314082219264,-6.267147693889352,0.590807999199505,1.9779142530217897,-8.773180340671125,2
2.064556193196489,-6.373184316131312,-9.15794954391742,8.812712873666998,8.655016392100999,6.951418404624088,-4.11384364684421,-7.029628838283994,4.754784025621773,-1.2536823005131936,3
3.319245706107198,-7.249308130308483,-7.568622986797513,8.752291036922225,10.240443137857742,5.183176455680945,-3.497591675717332,-8.562296815035657,2.6939734958962065,-1.0439762955203111,3
0.2021661409224409,-7.4724982265944275,-4.884087703886418,-3.814656204948828,-1.7447989624150813,5.780105158143352,-5.076475777059044,0.5039178999777185,1.423739005489832,-8.751858808980554,2
3.849605020920942,-8.24573374315697,-3.275643761444878,-1.8702545248456568,-1.5599655022782049,6.408512563391485,-5.771222882714445,0.12545538630484712,1.27153653636045,-9.574368361614475,2
-9.843777024763972,8.810750276102581,5.917486380193712,-7.129667398997678,-4.924155664899763,-7.104155658936502,-4.070032677319286,0.3013593227225128,-1.1459149386913148,-3.6044011472616537,1
-10.046163092273147,8.116754015440366,7.006694635675922,-4.7916568048204065,-6.459714616097372,-5.664897619889267,-2.7865603602171936,1.4155687501535903,-0.21312445659771018,-3.655927952288837,1
2.58696278106585,-8.189637109320522,-3.899752524201642,-4.142781689482303,-0.44074470387755554,6.323181265952567,-6.421173525789243,0.3711721554411402,3.2162015808660502,-9.4250144385834,2
2.145965548192378,-6.740444231251786,-8.959268657889476,8.467787609890426,9.536307931039255,7.32547905027382,-3.8098035535451977,-7.349274969434531,2.7115051826357135,-1.0865171177023345,3
2.4730871755163792,-6.453127888065073,-9.412754864090608,9.122163984994481,10.336177818593534,6.4819919974893905,-3.234333584182298,-8.212466098881162,4.209590697839735,-1.001462638456405,3
2.4983771204425254,-5.136971998710191,-7.872878418675341,9.778715893058624,8.341132676172126,6.702649208472617,-3.944899377720424,-8.432244982349097,3.8022712686159075,-0.5353020509799347,3
-9.15276511325357,8.601013860793348,7.376231067202624,-5.806252787009299,-5.894164223789139,-7.082209866059433,-5.0027862770204905,1.0676513932622773,-1.0976129588894237,-4.806853284089419,1
-1.9207471387606434,8.557449342686647,4.327550432977755,0.6504911722788604,-7.196241614625624,-8.576825121916215,-9.947059733076017,7.855813174799711,2.5723603459197584,4.459271849170384,0
-9.637659258725314,9.738748193918227,6.69398490637552,-7.1360443828821865,-7.021035431531116,-6.432771091936455,-4.76194146079802,0.9150787436421004,-0.2895740445170971,-3.3222838998510396,1
2.6026333396600347,-7.278663459469196,-2.5664027249828196,-2.0504371485302415,-0.4769792209561914,4.810106136283438,-6.908339689057282,0.4895896057715299,1.9501562156786183,-9.500877541105867,2
-9.535506566852836,8.276820974911868,6.476609074317472,-6.343490403155811,-4.843840753609518,-6.455029871633959,-3.8289117760601057,0.8811683958730845,-1.3305779146969676,-2.9888814677376345,1
-2.890640983819015,9.29368140824477,4.613534544530707,2.745481001352297,-6.799667837087842,-6.7748983602526325,-9.092856305185709,7.283660978893956,2.237761473088617,2.9643336810612713,0
2.07187890339991,-6.689192789738639,-3.862024770820044,-2.4859902567193846,-1.1159859111483077,5.962562008548542,-6.093137232902635,0.6051526952202819,1.500438959658265,-9.198790027665725,2
1.826486005752835,-7.053171303955608,-3.6568801758500045,-4.1077220291304,-0.06724847019015223,5.468140910783522,-5.708681403564644,1.122761614823892,0.8881197891795237,-9.567600447299327,2
0.8601091019365834,-7.992153310154064,-4.28719905583056,-2.4557638459102775,-0.9182122578892076,6.556798780715837,-7.372295661659843,0.3852003238258447,0.5757059194698415,-8.539193138761128,2
-3.081952101316181,10.478957221178144,3.93566666917831,1.1232376549893195,-6.068949579701223,-6.325945707501892,-8.401443884699502,7.763364771983699,2.013727493871335,3.5333734958808267,0
1.5589258648828874,-6.59938680238884,-8.742821895779684,9.146578918951377,9.371794263476191,6.726543147057787,-3.2612685852994288,-8.781994045151782,4.292801280656677,-2.027385624184871,3
-2.4674563641086285,8.561430383804419,5.128635155757614,2.248609453735957,-6.252991937131857,-6.435489332098568,-8.103640855912476,6.9488582674063055,2.9444760808082036,4.299771279205588,0
0.7761389814261419,-7.6193551984192025,-4.178848282305268,-3.3095415260134495,-1.5341547780119977,5.236073538332053,-5.8019894470043445,0.15355845538777027,0.28152951391336933,-10.555481852444592,2
1.9083984838239367,-7.717614677626149,-8.882829804515728,8.74223988327887,9.984854018888216,6.491685499176019,-4.733283001675419,-7.925979649384596,4.154732350453475,-0.12732817363649018,3
-3.002238206432682,8.02836322074383,3.5502384147613686,2.3973766498826796,-7.775927737898668,-5.651753665886892,-10.295678342154616,8.51104237330173,2.1700124619060084,4.093752377611634,0
-2.4772973351200807,8.55816588487425,6.140639698755829,2.4169129995633396,-8.297227001811596,-6.749591572937347,-9.301578281973882,7.92022624985606,1.4675357179612853,4.08113604689408,0
2.0960138206843273,-7.214687707619784,-3.7379509566022997,-2.2049247920235095,-1.3925219748042275,5.760916117349765,-5.686428073602137,1.303764393774969,2.341445955118156,-8.518652064437182,2
3.0573869474006354,-6.208563279615927,-8.10690612950036,9.33755453176401,8.989821849066955,6.697542234768419,-4.88387116473407,-7.308833633265204,2.848494472406913,-0.99688782445166,3
-9.117307248907178,9.81246693685885,6.401024318349719,-6.154739027462307,-6.292201249174597,-5.247595696884693,-4.782530093766976,-0.5321390533819508,-1.2457670382921235,-4.139795804739949,1
2.6125129068082944,-7.152281416563406,-8.483826208598831,8.80428405229887,10.236930468339871,5.555842008491279,-3.468400208239305,-8.242212944179895,3.573846695636373,-1.3256478504194198,3
2.3858597158901405,-6.49123240263535,-3.3829767322455204,-3.067526375766936,-1.449952386838656,5.758219371939026,-5.403379069684245,0.3820310473296249,0.7443938397071519,-9.632968856365634,2
-2.518645680369304,8.27388847792919,5.215660274700333,1.1185791289610165,-6.733422674647941,-8.251878679991789,-9.76805799086491,7.46132578060709,2.539226840860963,4.281409352753888,0
3.331080032403328,-7.401917944239676,-4.32747581485815,-2.8826498715185824,0.45429529704182414,6.8416904686137165,-4.453378193419113,0.17335712099219666,2.0552285193638165,-10.132641530194599,2
3.029679564650694,-5.927408775675268,-9.329381387069652,8.184761279179245,9.557899812961624,5.576920136301071,-3.8359853670218413,-8.384537033437164,2.437849640117194,-2.758277738595094,3
1.2797172879694605,-6.426509865055341,-9.124572440350537,8.267574936371476,8.374590211704433,6.470498645860699,-4.3846907810812885,-7.369079503054679,4.380308080414444,-0.23521005555995844,3
-2.534275850429716,10.109536687268125,2.8060572633652807,2.5485014370033885,-6.8186942433845505,-7.089414738602054,-8.774095213061159,5.9322246752780785,1.8685299133779174,4.411430355979132,0
-3.9564070930806636,8.95190210053937,3.726750185874704,2.441940468121759,-6.623008418883476,-7.538025443705095,-9.198034598771695,6.582073450176437,1.9784248667729554,4.830051180271775,0
2.2687137907475776,-7.174284255642403,-4.50835596426371,-3.6334890176450365,-0.6525181631269128,5.660816447561505,-5.656356028227207,-0.08883144623518424,2.702866286409983,-9.684733392448337,2
3.1140477385468284,-7.523880018369267,-4.641682259781764,-4.051009333817424,-0.806193625143606,7.132972455960894,-5.812373433457533,0.2690934828436332,2.0737489947777394,-9.078756148364066,2
1.5610925319813442,-6.069706331528502,-4.564354452670075,-3.4944791092124468,-1.0171567259485579,7.151053664574759,-7.288701929877024,-0.45122816987530856,2.8964935554665883,-7.770600105123632,2
1.4874612013684827,-5.872129425961356,-5.053425928997363,-2.5401272592714097,-0.1733895344226416,4.825073360258668,-5.877227024486047,0.941229644529691,1.8570409025759251,-7.063109606633308,2
-9.476297355987,9.749444958557168,7.431031987140158,-4.739268325509428,-6.615338707910348,-7.260143183188751,-4.204580753595539,0.6773249872527776,-2.035730875505113,-4.8454228364656915,1
1.090437554242378,-8.460585612707444,-4.5925313931837035,-2.2648468259044607,-0.5307888023039626,6.452359246348968,-6.846312626688522,-1.336611935805981,2.4489013139523514,-9.650729136675709,2
-10.161049332479566,9.39583492305222,6.529723580240986,-6.070477420963569,-5.876029442638287,-5.663196156931966,-3.8532703204049525,1.5293996893834405,-2.160282007051139,-4.310978817534964,1
2.3886953772308233,-7.928149665507357,-3.386532050399813,-1.9298034587149724,-0.5061959764839203,5.956681970733184,-4.773692669425644,0.28446919744399024,1.020979489446289,-8.756360006617431,2
2.625916746887164,-7.853203344999429,-4.449263798819196,-2.8793260740927002,-0.19552861211798422,6.346437338619962,-6.878526520345275,0.32314264597212666,1.351585478916429,-9.951945183072779,2
-2.614236533975519,9.102189645628401,4.518728559229393,1.9840750172477593,-7.647019751977911,-7.8881452110919525,-7.72217421237853,6.730649971675874,1.3283255902447606,2.6540784763983085,0
2.006444444004626,-6.697813293957356,-3.9225664089367545,-2.451453964098221,-0.5501130027933122,4.628618741615298,-5.476772280841918,0.7134169240817542,1.1366131872373018,-9.241848077171985,2
-2.9730342543148427,9.413705196213533,4.105597426648339,0.7097522134755687,-8.018906897669485,-6.846450130612979,-8.656522005430974,6.690501277925617,2.469314956008337,2.998387512332637,0
1.5353990903403747,-6.345500942351483,-8.786590240162624,9.570528217786105,9.23198369870465,5.898486940442164,-3.529088653539894,-7.433239302838459,3.2168188938503763,-1.2397030951546364,3
1.1740830847002162,-7.085055184726023,-8.882890863674962,7.860584967064787,8.795320600874923,6.624578199052897,-2.9086108615301356,-8.340162046733306,4.214202378264407,-2.5367921746192,3
2.377935185039174,-6.962425375006002,-8.111203435192577,8.027448467177312,8.68217069373245,5.49300691233295,-3.1516853751350697,-7.386605759974269,4.025774196174634,-0.44659921955971504,3
2.027284240842839,-7.245266018888384,-2.3225518655746544,-3.45114005216808,0.1463237514674256,6.4013203692863385,-5.810078873689711,1.5157231072088257,2.1087652080656536,-8.798580308632495,2
3.2420494671765923,-7.660840513074533,-7.558218648515451,8.716837836300284,9.14275153801349,4.844939842501161,-4.2260809186969714,-8.77442229159114,3.2593080884817067,-1.2930678012601888,3
1.9857554675102798,-6.8743371974072325,-9.073297809885435,9.18419076406284,8.264560309866136,7.0646046659959305,-4.373520225223209,-7.541225280065623,2.7956615120674244,-0.7287620338256204,3
2.211174645810051,-7.112363825803287,-8.005851773022908,8.825718992604324,9.681216340061802,5.833759467994261,-4.362603436380792,-7.987639958742334,3.693640580723717,-0.86107120045119,3
3.270911992730382,-8.027568472846717,-4.0053641346617965,-3.440874903469157,-1.2908070943763676,5.117435526125483,-6.432037039305878,-0.09269712393205243,1.4645032207932958,-8.48765800735383,2
1.9929375715301902,-5.617200472180237,-8.252840862178259,10.109120774972007,8.33772583097429,6.143761525561447,-5.039423978996196,-8.207125352171149,3.5106294326064633,-0.7583205791238234,3
2.5372172183042743,-6.11335638036183,-10.054695032046135,8.444762056200407,8.697856384514761,6.23786783041567,-3.571203410694998,-6.998860434660135,3.3381846939854865,-1.5452508740244228,3
1.4644890144763314,-7.441675243988453,-4.7032464196778605,-1.741360701298838,-1.7163523681576986,6.329107610432651,-5.381456647756667,1.5654229094734935,1.5615107624002016,-8.572366233893932,2
3.6797647513950857,-6.190162480406009,-9.105421952082175,8.549741071894626,9.247579716861676,6.000295616913997,-3.125940973661619,-7.91606640105149,3.172518313007168,0.12635835440107468,3
0.8761367895226191,-7.0078849045325695,-8.439819817335191,9.386730661571383,9.242307657090993,6.127773470228141,-3.620339556803255,-8.208306354092699,4.659887410797571,-0.6094057452458516,3
2.479754878771034,-5.4520332008500665,-5.445161450449664,-2.695359561860795,-0.4302202611069392,5.789673969019599,-6.085713993593824,-0.6247626861398443,2.011242097298964,-9.600726529511194,2
-2.983043023266921,9.442459530386929,5.361578501975267,2.625065767322071,-7.467079457407117,-7.096558256371797,-8.606443354653516,8.006404504484355,1.6868782683724728,4.031490272256237,0
1.4636539393038257,-7.0557437880494565,-3.304535622681746,-3.032000589285543,-1.381143539182602,5.542151990234097,-5.180716710980309,0.42056410993958293,1.4764413710155309,-8.732278089768418,2
-9.419782888441953,11.219375223166162,7.044709567950517,-6.9857517178435495,-5.836161521084815,-6.065098933513379,-3.012328212951324,0.9663555785337281,-1.4580188159463268,-5.032425961441717,1
-10.604133097120043,9.389734779747648,5.772177404919253,-5.498675468597,-5.742679482789877,-6.626443058508061,-5.738104840448239,0.6343923354023034,-1.0553826409442286,-3.8924108675659728,1
3.6972908291235695,-7.920454432189259,-4.410130965981427,-2.381250907455149,-0.916333709963298,5.015906721596153,-5.221223857471476,1.908717273684314,1.9855833985575848,-9.703839548415246,2
-9.331072948251938,9.178726262919207,7.294113867392512,-5.415336265388028,-6.069434512541699,-5.907114387680354,-2.4755746454285665,-0.2964932720833836,-1.0295571733896671,-4.823883987026238,1
1.485259527247704,-6.366552822894958,-9.393155804702626,8.534694552647313,9.445170476595848,6.3760179536953085,-4.740187342086577,-7.308767680044308,4.0850649250534685,-1.6902600301355917,3
-9.983283433144123,9.527382955477812,7.7283297828059485,-4.348952764723091,-4.92044815221251,-5.486053441516124,-3.198311372741222,0.9098974970855854,-0.8162468738410388,-4.561247197469134,1
-2.2803484614178364,8.860915758032117,5.220462743056544,0.42537496763521254,-6.714697000475274,-6.34050395755507,-9.8733381286819,8.124150745743554,2.2592477201102654,3.870750016190348,0
0.7680555981767703,-6.063747908099053,-10.144526272673835,8.997631051894878,7.85817238759185,5.943738499153572,-2.757359907469413,-7.794104195867265,3.0802150067676837,-1.218792567465332,3
3.4041147725333856,-6.143855751760582,-3.642171631223614,-1.425503897986424,-2.038236561033722,5.336405532476417,-6.521236779310172,0.7897242949023728,1.1131928595193479,-8.540745141063805,2
-1.900473478978788,9.963232629361787,4.929283268484692,3.286926752731378,-7.421279630523771,-7.751367885593939,-10.083431930869006,8.370753933541131,2.480356194312016,4.122542286283591,0
-9.80393411301397,9.943959415828424,7.566068938292162,-4.776239118881508,-6.757018274462799,-6.478365114552493,-5.0935618753639105,-0.06898041390257481,-0.6857034839894649,-3.0445092195553993,1
2.679210346676233,-6.449920736063433,-8.36784134278226,8.52581029464189,8.149882270594166,6.520223407653875,-5.352106823268205,-8.268703064442096,4.343487836737117,-1.0626217100968478,3
-9.604796619695918,9.276149062707901,6.806568361437095,-6.011886636617828,-6.455531472828155,-5.75367678292227,-4.220890106875998,-0.6294753378723181,-0.13639089421389072,-3.208399340955821,1
-9.820225982312277,8.96963132908446,5.8892474474179775,-6.331005157419746,-4.29913455814188,-5.460634096415573,-4.8609071971548605,-0.4305919370757417,-1.023793383954741,-3.7923318378745843,1
1.431714551960559,-6.85080529841309,-8.247805196142705,9.627482729007694,8.96506844665381,5.360502264139873,-3.7202340700261534,-8.623032199310416,3.3218836830402956,-0.2692568619020469,3
1.4690117456773086,-6.097117984503054,-9.614126987856084,7.85920025092028,8.871623175817462,6.680315814086113,-4.045569882130409,-8.371764474553254,3.7157116885040624,-2.4189453282097295,3
2.2874836973462114,-7.358669065889969,-4.8234499513112015,-2.618526771162962,-0.6981735375593551,4.834286825023136,-5.772600864761378,0.17600743409490843,0.5128260867266763,-9.673261253145697,2
-3.9959246300696147,8.646257613021788,4.108485973140513,2.078445334474077,-6.640398008107258,-5.566790005824826,-8.173031069905775,6.919690356535021,1.393409964920325,4.505794975975463,0
2.1116925949362804,-6.933048940192017,-3.6721080002231687,-2.158516852304635,-1.5686629817267592,5.5046106593101145,-5.170190353518949,0.9109417995739432,0.8872897612041051,-8.824955815353503,2
-1.1917804755202266,9.956080160506806,5.755109474875679,1.6153187104389024,-7.572350565332277,-6.9681604373457,-8.799320318033924,8.089456978428368,0.8375749940638022,5.232136779543339,0
-2.734342158904918,10.46800971669091,4.907233652790189,2.2741988369744806,-6.15842877332898,-6.712957181957387,-9.019657258710502,7.186078021139219,1.9721793532743308,4.13539599036402,0
1.0690384132328532,-6.469012816040448,-4.278068245473162,-2.1324190257404934,-0.5696853094698084,5.190309889883276,-5.846226882111267,-1.0158422477065685,2.2705646276408253,-8.862280819406678,2
-2.5554534821058716,8.166574788364603,4.18359356076659,2.006348753862222,-7.481916546850036,-7.149298474236824,-8.133922790185903,6.919698606832499,2.6072847133097747,3.3706567576605764,0
3.5147368893816355,-5.871941119446928,-9.156697012122313,8.996830110962673,9.279481169710081,5.060423227986933,-4.566003858071634,-8.439090354758225,2.259306178243982,-1.163704697431823,3
3.089794192675569,-6.469964973194405,-3.5465691292445527,-2.893323845962042,-1.2788225450285235,5.936344485087211,-5.353334706194057,0.12878427772860762,2.5939117532409206,-8.054160023759719,2
-3.2738165583235554,8.79280021341196,5.48904722621353,2.0723715234886653,-5.256096513164084,-6.604787105699886,-8.703893375092989,7.1071413905569525,2.1157788682117733,4.054722670454528,0
-10.143004058783925,9.182623972492557,5.323322549140785,-5.6039121912734196,-6.36265682310443,-6.903871844679057,-3.453683172906562,1.151427728983348,-2.486391532215967,-4.709324541035511,1
2.344517573886593,-5.752681070676335,-9.11660848132262,10.446268282459368,8.944699007701418,6.190631871667317,-4.378464533737022,-7.890268134728139,2.465105345398445,-1.5791793843796778,3
-2.15570652776643,9.620314764117406,3.7996713512890583,1.739018818852068,-7.212088908963939,-7.337440056077545,-7.602509788439242,7.607010113171372,1.1396814668296442,4.803954918859252,0
1.4610193175241155,-7.268338129998442,-8.621593418062652,8.539290051738561,9.658485404774051,4.169708298296148,-4.507520922122046,-8.834795492510057,3.5052220553823927,-1.57358355615107,3
-2.7490789389089945,8.754277522001267,3.6546206499256266,1.4286980026271192,-7.657030282977351,-5.653520282879411,-8.183352881432787,8.213611481994615,2.5274706796944404,3.3711153160688485,0
-9.504603856194043,8.717048784622797,7.48645286717358,-5.864188487553356,-6.38261383351494,-6.985197374282561,-4.225452716643303,-0.12423326717407335,-1.4821618691040812,-2.9772212599395207,1
1.4186122784850135,-6.258132335255444,-8.49530498525677,9.648198486842453,8.75902340730499,6.191752629688924,-4.863239873331231,-7.555511372525022,4.047870356551223,-0.8498866104886735,3
2.8213511681598002,-6.444195180273732,-8.48359448291363,8.210847172874773,8.696112798769276,7.42705447517514,-4.422365340866859,-6.887211943432215,3.5145176910265308,-1.1953485699075201,3
1.614589314687763,-6.541412396192736,-3.543874274524781,-1.6418936611004786,-1.301386753837741,5.54283516910803,-7.154163270600609,0.009958994029621526,2.5458907346464628,-9.397538511059784,2
2.1692403649705914,-6.80201255394031,-8.755610276658292,6.758412729952028,9.460061248999537,5.8260137062519695,-2.792855617734568,-8.033016870304094,2.852386136568664,-1.2318662330976555,3
-3.1992058554876306,9.367118689060813,4.268698503367393,1.418158701357091,-6.95454844311946,-7.604779218969508,-9.225882270379039,6.4850083906865095,3.397607827905648,4.1861360423011185,0
1.976546746771638,-7.760543257172271,-8.416019134600278,9.478821666350338,9.47156479669661,5.941099239682942,-3.4937151103062885,-7.570403467538638,3.8998430290469193,-1.7741787005123055,3
2.335745784176032,-6.098083937328646,-3.670325297110428,-3.4714690909530828,-0.9566564946593411,5.1400426912634805,-6.277914298318798,-0.004842197668517345,1.5139394694180461,-9.949586505981422,2
-1.9998569425068644,9.050648248263432,5.152726890279006,1.9166680778647245,-6.824582557930007,-8.278850072448423,-8.196898384344273,7.566064848627298,2.720907311765932,2.1340727911853263,0
-0.717138446264594,8.947044198391067,5.444370164628074,1.4809461863526108,-6.904119134499143,-5.64054914833109,-9.277204697087447,8.592236906096552,2.5177265896830083,3.7677248127949214,0
2.0706484531742917,-6.404529736102225,-8.804050006172075,8.092906427503511,9.652970015584545,4.803386733603525,-5.342974836631527,-7.529131373581224,4.039574720737887,-1.2371268807597984,3
-9.254859675534597,9.752026154656525,7.3909997512576515,-3.8214557591967226,-6.088809478832851,-6.688184340926573,-3.9330571593436416,-0.7432245007776255,-1.8473988189200259,-4.461914902718334,1
-1.7625253403403425,9.832793041510293,5.6073901299543705,2.427266605253482,-6.996609847373068,-6.777410012772621,-7.99377148008016,6.751667945807638,2.2803715510752065,3.8861143872917565,0
-2.173911745030276,9.247849601899185,5.366156797208631,1.6161582047424092,-7.06853964585663,-7.5652441943235615,-9.149333038689289,7.5876332606301,2.552192266515922,3.515935828996571,0
2.703840843555363,-5.910819208227135,-8.470169359867104,8.005201633918974,9.175651689688356,6.910009780265288,-3.943790666499839,-7.694394461835699,3.4615367095708445,-1.9178184191872645,3
1.667947833865499,-6.633826845984769,-3.999073963117409,-2.6604338577726057,-1.5613565347540554,6.6159747802146045,-5.541232435099629,-0.10235581788487885,2.549568774818206,-9.41929133246969,2
2.4178137666141155,-6.371360527050825,-9.762205717857457,7.136199649286322,9.584503671952305,6.101570000432611,-4.268072488972906,-7.876086576941881,3.6423779198053015,-0.4075039497642441,3
2.5226153044547135,-6.485303763511786,-7.871870738801007,10.618268582035503,9.92216331270307,6.832116129859355,-3.816241599407519,-8.145625747229186,3.351603719439707,-1.7752285194081525,3
2.7498023663934514,-7.008016222981647,-5.315528234655444,-3.3447955408217904,-0.9644965691762875,5.768879889853928,-6.797666964104552,1.9728624411771272,2.9097672159183507,-8.649508921325307,2
-3.488194924726149,9.408364593881721,4.184429037842823,1.6321819153054449,-7.294302938118478,-7.484903132051818,-8.80436261707463,6.741857834010977,2.2116200129100627,4.126284879306513,0
3.0050950655211683,-7.343192915483879,-9.232731607697028,9.703122769517401,8.895766206862486,6.798320116461335,-2.71811942842649,-8.327814238731465,4.161614158845851,-2.004534722145874,3
-8.767122867773303,9.656946577778552,6.573741315205475,-5.439815938367283,-7.463113962305937,-7.120647031168187,-4.750902645288584,0.595188798979352,-0.14833912751812095,-2.6135070937043188,1
-2.6974197064411314,8.239717992079152,6.441230698503004,2.014622587750874,-6.869876686812208,-6.896997154252949,-8.699668424098512,7.222470627151943,1.6207368300480103,3.7786502970526343,0
3.546733517207837,-6.9373928627995305,-4.7649119416090935,-2.298522773840461,-2.723623732971095,5.705882082478285,-5.777049535842646,0.9316778659487134,1.1385642106360736,-9.011010732617693,2
2.602808436550702,-6.575950659865552,-10.323189059055705,9.525551623488228,9.295677677782402,7.009662835917371,-4.67441397972255,-10.270250389109522,3.880019231084767,-0.9928555515305921,3
-8.425428663900442,9.078229663629497,6.22730437375519,-5.42507580718196,-7.062370463289792,-6.120655473057697,-3.3788989459399623,1.3539818893637725,-1.4312074806936521,-4.317988821163038,1
-2.441913079194062,8.690693426104792,4.3357314770254805,1.7567491975126845,-6.724133551007671,-7.215233628440381,-7.959298468734546,6.697297803945051,1.8914900839512243,3.8536398151289863,0
1.812252269947567,-6.889742176721676,-6.080360419203301,-3.022574257432307,-1.2469738152214753,6.6753556726061865,-6.27603962503181,0.5527810575908825,1.947171375302074,-10.562388281465086,2
1.1998952273485344,-7.345332951147264,-10.114227188267773,8.906814241975594,8.893734355084455,5.491335438639501,-3.9554110141501537,-7.791778278275405,5.149899082790099,-2.2552685189022226,3
2.020749901364627,-7.709093859790188,-7.105007591657096,8.113552346170989,8.590264262798161,5.859765519258741,-3.0060716091359225,-8.036401420388463,2.819365473021814,-0.3189132726778354,3
-10.13850033692844,8.431465821032244,6.861525832931848,-5.248124032846176,-6.525107117549326,-5.314627338606599,-4.852179200615519,0.980171668766885,-1.7852022016889104,-2.9718526616940535,1
1.5909386833374124,-7.9251190222404855,-8.97410507023739,9.678853022712659,10.288058830758288,6.665331333937671,-3.6071860405713725,-7.7808099660021455,3.2953774075105913,-1.287992330695507,3
-1.9088358868113366,8.902329157223923,4.626567490696219,1.2713991286942659,-6.892586386345943,-7.082170640520044,-8.612424764399348,6.7444612550120775,2.385842794832996,5.234368795022713,0
2.6853937510881662,-7.34347496115763,-3.9302671095405444,-3.476147106997133,-0.8189537009155498,3.609724048229767,-6.137351667546195,-0.8566425023283655,2.692487538823621,-8.526806598664887,2
1.7549935805169732,-6.919438531059952,-8.196075943864262,8.867287856804627,8.86347388739992,7.333693304665693,-4.507043504995812,-8.021661468049226,4.1412748363702985,-2.338884702499924,3
2.3751624803894344,-6.992206715549144,-2.9671368670921705,-1.922682927561746,-0.7451554017737635,6.362436634397511,-6.729291089302083,0.5632377032349988,3.114805822054027,-9.223623872374707,2
-9.714584291317637,10.359190975513457,5.100549478077781,-4.679814195527049,-7.36027066257309,-6.518566433395414,-4.215626235018309,0.907115921484261,-2.4797866734763083,-3.8518963297818014,1
-9.746848983278833,8.726589577533451,6.388308072758699,-4.991093752641547,-5.044290241703761,-5.251639333140791,-4.257349736059638,-0.2886035706575505,-1.2624792543198424,-5.413324751933157,1
2.8638066959814097,-7.652227197374895,-3.97989136266905,-2.0985223252974468,-0.9021291109518796,6.021837866359067,-6.3680251075541054,0.14716215987256454,1.7041897756246116,-9.593596588178212,2
-8.204801704923112,8.30322791504215,7.780901618486473,-5.680168630168228,-6.992649489684178,-7.263129340948616,-4.047539414353169,1.1402837109918789,-1.450384011421959,-3.1176087448660184,1
1.1120573725817318,-6.735445273632456,-7.854342431889669,7.908693245453913,8.574078103767501,6.256334377693069,-4.596982965925671,-8.601324132852971,3.3881415230334135,-2.1528823081410775,3
-2.876361809448592,9.356848321057864,3.7843893700037396,2.4722685850614035,-7.047854969861964,-7.142484158560665,-8.340655778893566,7.634507233538931,1.7696239187908196,4.972982418275882,0
-2.682221790817168,8.536897154599863,3.9387448293016605,1.7763994789205635,-5.621246622356605,-6.43151959038904,-9.238153049483968,7.7243308624480145,3.001849040474377,4.808695133959847,0
2.8526498232437723,-7.964286040848494,-3.1935595142819606,-2.4535706361169574,-0.3976542585580392,6.730097829355294,-6.784630531492292,0.2596108631777085,1.4762731912893994,-10.168493343355864,2
3.671926361497738,-7.209644813688925,-3.6096160282236154,-3.2263927012934532,-1.4244973780144277,6.4609085943352325,-6.951227704918878,-0.005960869261457502,1.8721105649914123,-8.99303092431201,2
-2.489076246998378,9.90920243202343,4.773648183842034,2.005675267650036,-7.831526489837214,-6.357732097056892,-8.386488829837258,8.837801221812525,1.8068554703970752,4.3148567852856665,0
3.0581411812757437,-7.3645272980158865,-8.954822296184096,8.871801290903901,8.335588219956447,6.581891431560101,-4.414517848752413,-8.18333096569624,3.368295969904823,-1.749487079211745,3
2.655117647224959,-7.873966389916103,-3.8328626248262507,-3.629759598648338,-0.2848783667926129,4.840752907522317,-5.619914400457139,0.722630421824433,1.3605511043401473,-8.663573148640737,2
-9.6353349171185,8.897165050862359,7.12628926200727,-4.712145477699328,-6.769537924817017,-6.16432665255656,-3.565375563597192,0.8255302222882492,-1.307930939616424,-3.655539503187356,1
-2.065553806400281,9.30394549641437,4.510177475013705,1.8822951941273336,-6.848959160765894,-6.9830109944158885,-8.163612374879573,8.870889016612649,1.6320559853586922,3.2025894702155546,0
2.0264560714490116,-8.056756641752326,-3.8848219187491084,-2.4967316078678077,-1.014588708044244,5.174465177749418,-5.272429368341212,1.4434737474340391,1.5097983385482738,-9.49950858760842,2
3.3259693093895626,-7.9276659117104,-7.7811508918325725,8.820687465451993,9.914350072131677,6.223808001170335,-3.1100357413147584,-8.31771109505929,2.915626232618669,-0.20259712411822894,3
1.7522821958842891,-6.676332497427167,-9.443922145066553,8.970819379011399,8.130687029843237,5.383913766600311,-3.4380867427387742,-7.623904355677796,3.410346794472331,-1.9093851415618401,3
-8.171293377783154,8.443975240024919,6.781647133335713,-6.2166053108921036,-6.065379611522863,-6.318506358740297,-4.3641959771402625,0.8366392320545091,-0.09805595030696512,-4.30904985024827,1
1.1527855269101575,-7.029539600104337,-3.3843928889742565,-2.3401457115793987,-0.8802830043024782,5.291029071607759,-6.771038899735468,0.86901469669965,2.4879315122107597,-10.153002596283558,2
-2.066250316778351,10.603771128661398,4.767185214769048,2.1469240943509673,-7.201179820829441,-7.475000651901301,-8.257092685055039,6.724264237362496,2.0723966009177506,3.827091343185327,0
-1.6981807177475674,8.439808505352124,5.314242126699127,2.262116332796281,-6.304185079155127,-5.552354505418183,-9.01009943783802,6.79590760044846,1.3996401341263094,3.590384356445102,0
2.46223287341114,-7.092480922782388,-4.8537109665930025,-2.799815347621133,-2.4025458481692787,5.828452892580046,-5.006323961363309,-0.7472037241572413,1.4381420059184211,-8.840617000502954,2
2.152030359978625,-6.299176502702016,-7.575930764478392,8.778144765137256,9.409692290088246,5.407658552902235,-4.51550728965142,-7.978088414707006,4.457414012934472,-1.3763467021840738,3
3.29544351419803,-5.6713321117633075,-9.463467255694523,8.800137490787,9.071025367676329,6.510425136882651,-3.4272771280224137,-8.633782591690338,3.732147489984994,-2.6108992577172687,3
1.8667734988027793,-7.94971313689134,-3.3009488823289095,-2.853961214385048,-0.6318468378094648,5.304273271370697,-7.280946667216767,0.473728919146228,0.5097128944470062,-9.119035577859874,2
-2.3346290444552213,10.118503424032754,4.573171963557235,2.1684847519799693,-6.454099634349693,-6.749483207066496,-9.15083128682138,7.459385910527518,2.773842459766016,3.442890846333167,0
0.8523002198852228,-7.177268355516905,-2.828670117573453,-3.3362880362144565,-1.4626264475033879,6.2383400749612745,-7.086485417479558,-0.15823975264729478,2.265800173548077,-9.514991838982628,2
-9.526249800410945,9.536318038423802,6.21649648920439,-5.9744687856534116,-5.932460851018188,-5.489190696913152,-4.012767533785945,0.17999614724876917,-1.360730055958067,-3.754572471788781,1
-10.090085738505914,8.091621411288743,6.590976335918546,-5.838441042302775,-5.304085835588496,-5.890341623742979,-4.632085917839689,1.792993429078689,-0.5063760402899382,-3.76794880361113,1
2.0851459591505304,-7.4260607388782365,-2.4584054888537716,-2.3696912563736787,-1.8429325661872467,5.308177424940613,-5.291556050032227,1.74659870928118,0.7381030586742792,-10.386938815197377,2
2.9001526501897175,-5.69919283089711,-8.77653693248977,8.705940607601589,9.273496347525638,6.404517232091704,-3.283812035723758,-8.043596818576416,4.117880938859345,-0.050098312618314544,3
-3.28363210485697,8.176941491341852,5.20864691190404,2.922537703940308,-6.930034276257504,-6.17763656475153,-8.585182539102666,6.871939087275116,2.2752771587200655,5.2380771524470875,0
1.0745876805143437,-6.690950731611172,-9.011128739997222,9.056909065003783,9.05845899868229,4.7627271598077145,-4.179567473343398,-8.260491097620141,4.1282232475849785,-1.6856898974357077,3
-9.933496089763791,10.408739445668056,5.769297990012956,-5.183974155710893,-6.558774707090254,-6.527741920878408,-3.3618948135730475,0.7331645388429806,-0.9616705291040135,-3.4976879336661586,1
-2.5901514207245184,8.803513541285819,3.6049134429709024,1.4692787380644359,-7.202074330823121,-6.140124034922706,-8.597794953938088,6.08939480674479,2.249159013440532,3.8918939596294875,0
2.2070815275294873,-7.169506872593286,-3.563205411751938,-4.24558566791539,-1.3032905219949882,5.851417812455904,-5.1664690873340025,-0.059642944982111035,0.534704483011538,-8.63719373342375,2
1.461401849956856,-6.450441519570985,-8.754315279599599,8.572323868321643,8.976057008832802,6.655264560340724,-4.270109417541037,-8.108221590692674,5.203616141899517,-2.193527971026719,3
1.6038278319519537,-6.3891929952719515,-3.6913152527113917,-1.3139109286015416,-1.4934264696850978,5.438913698547521,-5.844512211064905,0.7372314446802719,1.6973240309575073,-9.682064508917636,2
-1.6917501798908852,9.19238071850917,4.8762006996807425,1.6848558076550049,-7.220951548002016,-7.182900324749681,-8.562211256971203,7.028833778924519,2.2251426346916645,5.614232114972716,0
-11.28527829627501,10.017028820692621,7.164643543973139,-5.950147076417227,-6.316607153800577,-5.970752350538454,-5.008937240629825,0.12479175850235091,-0.8051143514224063,-5.053419792257635,1
2.070535463897422,-6.192777317925244,-9.159128928090716,8.943435223465752,9.810628067117033,8.34698410305991,-3.3420992839511365,-8.640203638493677,3.3880287528272452,-1.514340001076671,3
1.554226301776894,-6.256761598769763,-8.256250188644799,8.64578602249389,8.772400291316174,7.294611428372402,-3.748477503520149,-7.601380294374105,3.1092073219635883,-2.0504492517735087,3
2.554513993235717,-7.897728610937438,-4.1158180741829185,-2.3599523835642775,-1.118384756259716,5.822843867557872,-6.6804371525320345,0.1400608724849999,2.2754426959533056,-8.96111067292214,2
-2.062086467632321,8.214182689286982,5.783280908838869,1.1707279088276503,-6.667782365483947,-7.408102688289497,-8.883224599251106,7.55365660271114,2.2472502856793666,4.456796083885608,0
-10.423855896313487,10.041604964766886,7.34926043863852,-6.2226519327881284,-5.3887749458129575,-6.506942363150591,-3.7130696003133457,0.6773539197846118,-1.4551157461870687,-3.607851404827314,1
3.252707178243038,-5.945085136412644,-5.334968115181517,-3.389583147746632,-1.0744675553231848,5.028342771423139,-5.6523484694137,-0.22510177341239657,3.3638306247054715,-8.237607729559528,2
2.3516389166965768,-6.692561221334088,-8.303578489274324,10.122769209361737,9.157910937015252,6.21650582418987,-3.772906773420673,-6.372080975180527,2.2151111451498195,-0.7186940148558075,3
1.4654533895620936,-6.733171129649099,-3.8710819139043995,-2.8882290639233847,-1.4656103745723423,5.082842582261852,-5.632152221390669,1.1449751200145757,1.4021759543206935,-8.750121053114006,2
-10.59900848537743,7.790870376043819,6.263477021364327,-6.607716484574388,-6.719198794211105,-6.435356026103554,-4.232429027125355,1.511855906774279,-1.1323782919360612,-3.9650851443115815,1
-9.109811587843616,8.442028045399512,7.497213605778916,-5.570342414570778,-6.62199465333033,-6.231537875791748,-5.15851980383807,0.7811856006812268,-2.0816596828851353,-5.122286396129636,1
2.7618740837327107,-7.265827232613462,-8.754540037378401,8.767384580962174,8.608719698508562,6.420061891091258,-4.284076646978458,-7.587775038977155,2.9355264362171054,0.006378303781301442,3
-9.129179570513118,9.534512379543028,6.635756686496308,-6.025180703596697,-5.576621751867778,-5.668641279445323,-4.456169508285772,0.7800652336319318,-2.0412593413365854,-5.1411499113914125,1
3.1806213216007393,-7.07916418037152,-9.424914391793408,9.443468999589648,8.75534489926064,5.502902514102932,-4.918247600051422,-8.384594607494684,3.626760013515592,-1.026785915845484,3
-8.193549366866268,8.861537431791543,6.264162820872429,-5.1515062655486155,-6.634492110710648,-6.36369765548389,-3.8973832464295586,-0.8486425766936021,-1.3707860494236512,-4.658226637884083,1
-1.425943982121707,10.271400499365187,4.210926752889031,1.701778591985543,-6.679521417643836,-6.645989840285029,-8.37734676576503,8.730666092635147,1.8984371756183411,3.602643484743991,0
-2.2297414372290545,9.46732328599024,4.301648312618539,3.074960418243755,-7.737663155252909,-7.90517200942282,-8.681211483644029,8.056491727327211,3.2010496188846838,3.840232571912651,0
2.631074496569638,-7.8259928344106005,-2.7661642511060283,-3.044442762594541,-1.1131967624792967,5.943155712003008,-4.918612062332464,0.8824719518587891,2.138697227494187,-8.746689774517371,2
1.738364476029613,-6.910564571524929,-8.099276404124621,10.151874706530508,8.749020435271174,6.921740663589597,-5.426498808940578,-8.882490300636924,3.0135156109123953,-2.1437062078164786,3
2.199873437335308,-6.353624569266124,-3.3895785656280184,-3.1107372353735148,-1.8020733518784176,5.561432781683313,-6.5665513519111585,0.24022156604148398,2.7144980715197473,-9.391102904160798,2
-9.269188673626825,10.913698684670646,6.198390054742336,-5.103729696777611,-6.3235914684300285,-6.143895207727044,-2.8452272423204734,0.8506136620474938,-0.9842923718229422,-3.4246620599222997,1
1.7923042222696495,-8.042889448322416,-4.594148802094894,-2.8019308844852606,-1.3019215808360294,4.159622987890924,-5.3785780190118135,1.177101297167338,2.3043567711785036,-9.867371714897416,2
-1.5272416053974807,8.032990384243725,5.05067880188829,3.506488622007717,-7.573002618742752,-7.276518003997887,-8.768571801074662,6.971089957617364,0.9368358331178828,4.209445638285128,0
-1.7510617528300563,9.751947564622753,3.6755102786581375,1.316692156000146,-6.519102504105208,-6.520459427637401,-8.477794376221777,10.020434958957008,2.4219235923493927,4.956347504047328,0
3.049764093792448,-8.287991975628815,-10.369819049431381,8.630596024659562,10.080750792771783,5.071993340205304,-6.013067254318217,-7.646732135518875,3.8552205868350375,-1.960096009967574,3
-2.436256850286437,8.970470938668656,4.112103624021428,1.7766971301339902,-8.064696961088039,-6.948947332032271,-9.530341531641653,6.551010393447664,2.1482261406716106,5.135853156362129,0
-10.222322724687784,8.940560606185713,6.231889910177991,-4.791111121214905,-7.858472605643074,-4.135485829369328,-3.1759153744630093,0.651395872535169,-1.3995254275890856,-3.9755293436388013,1
2.171687093217626,-7.580655265673022,-5.217236245722174,-2.4476478861886988,0.34985283449378857,5.71640036940868,-5.848839474759521,0.7695946968540341,0.9597600296581604,-7.8792314849093215,2
2.6308098604376577,-6.688671536461259,-7.882508758325933,9.34939370844153,7.787892737679186,5.797320087874316,-4.301014086078776,-7.711005052471726,1.8472885907812593,0.5873566708944322,3
1.4449829252456217,-8.049646040667506,-9.729394091413164,8.016026367637604,10.27756940071424,6.249024173388084,-3.635001449668195,-9.60085242612691,2.8460840297910543,-0.5759942816955722,3
2.163508848459879,-6.258676284163786,-9.655768994590987,9.392507836759798,7.419566519369244,5.7270277756745545,-4.249516306248668,-7.603228941622455,3.700502127116946,-2.1808442629073737,3
3.6456472064381256,-6.493526104684276,-3.9825910123464268,-1.9412012022668386,-0.7771788324914567,5.720251358159742,-6.252514321832418,1.3790781194547082,1.275391311081449,-7.998334338325364,2
-9.862540818414626,8.752509914090934,7.779615798637045,-5.978842114882415,-5.51148969128014,-5.266988566585608,-3.216337512105673,0.1929944137421234,-1.0784885639220585,-4.192354120512802,1
3.5813151459485724,-8.066149300648057,-4.107229404358012,-3.578218471769033,-1.3655867296972253,5.06083033946867,-5.138815552323713,0.007327993601000671,2.5961569108266613,-8.648107122888083,2
-10.452354324399897,8.98347206183286,6.630368786137187,-5.557104975260752,-6.93022311980314,-6.035067071806461,-4.246842683758887,0.48501204302996187,-0.9787006535550955,-4.170921607171505,1
1.3827392147490198,-7.623364975526501,-9.216528125515735,9.812040279156168,9.977651741559939,6.338050267767301,-4.980615008455539,-8.183954175843878,3.8958505364743523,-1.0740747645029545,3
-9.282718251173584,10.030951432000222,4.994800111129149,-6.460029279731433,-5.930092673154349,-4.891662974133134,-3.90059954543646,-0.014473426215636853,-1.4891271359310734,-3.213003702635432,1
2.147004832475117,-5.764558643395274,-9.660350162573234,9.341642242736793,10.620813149871884,6.461740888179308,-3.7141175626188527,-8.040568463295276,2.585043510254999,-0.24804907021072942,3
-2.2234206940526198,7.822477605231834,5.3602877823560515,2.303987921629862,-6.700406377131557,-6.192225904514087,-7.672495645512207,8.033581961011395,0.733688272932024,3.265747679205918,0
-1.3989858517510039,8.147815279019527,6.133002198487488,0.6067082242749808,-6.985876757676178,-6.468287548736743,-8.641633449221487,6.887633251624288,1.876614659614083,3.816350901659726,0
-2.6198031520580427,8.715469379235127,3.9314057735459844,0.8147700136346936,-6.3034077823779295,-6.828787016244064,-9.741300386454748,6.416967775054172,1.7872509453610859,5.329766623623484,0
-10.04899165643663,9.185588823096221,5.7067431695771855,-6.326698288239525,-6.696855267339249,-5.719837376432414,-3.731362210507898,0.6306415706020383,-0.7654710536401047,-4.271577447918739,1
2.182791754828095,-6.153132529458229,-8.206560047097184,10.486160819234865,9.0919330027909,5.509231071862756,-3.7354660858111006,-8.608153738870001,4.722033068148713,-1.3952027524696358,3
2.5014791517317145,-7.204449187193612,-8.179246900779576,8.531399465613491,9.464318844766188,5.955601915095228,-4.060930992747525,-7.510187637343965,2.956524926372009,0.16468642678588008,3
-1.7541210396508433,8.987330199547827,4.519039726269527,2.591731640181403,-6.423001176261876,-7.983584103164921,-7.804749511827883,8.289586863401919,1.5844063438075051,4.438514029327095,0
2.3095760119749844,-6.982607948685608,-9.086131012134302,9.464815432432315,10.134050255133898,5.977165657375955,-4.14614371136949,-7.696457596692603,2.734805631453435,-1.0407429868845852,3
-2.1320684283402915,8.369814613042765,4.758431413053356,0.983569536107246,-6.957485434095361,-7.5128449423012995,-9.353198716448848,8.188788138146009,2.786217319280164,4.587848240555933,0
-3.2120961597791977,8.476827832625432,4.615599415057354,2.1371199967162964,-5.7942768461814165,-7.5789574217931,-8.149302077702401,7.173730724540847,1.9876756381074725,4.633825200437531,0
-2.3190924370159887,8.120562125124104,3.8831392579423176,2.7103766812737646,-6.907315798850928,-6.403059105115109,-8.818504893344688,7.344352213145725,2.679098899047374,3.800220246168747,0
2.7410707706550346,-5.77553052197968,-9.104979573151988,8.168219673345966,9.907696194183474,6.460323488896802,-3.832513554493962,-7.775397683429229,3.9108903679638813,-0.2982783233104802,3
-9.223524414218414,9.849847953404925,7.03777594221085,-5.690511309555803,-6.501637550073116,-6.437801101488782,-4.0515909370561225,1.2887677004517024,-0.9456099215610818,-6.233689240304157,1
-1.9314061787611294,9.58374287339877,5.5537140012361315,1.9878723730836634,-6.402260111244796,-7.097296322891366,-8.6114113098941,7.232422777441324,2.0901974103590786,4.578061473726748,0
-10.027012171296926,10.001872473907817,7.316040347771696,-5.394057992366372,-5.85593360506439,-5.970585001950853,-4.364192257465312,0.7974744139165157,-0.8008129594983077,-3.6474132651696594,1
3.160258542090089,-6.948179494727856,-8.659863382403262,8.760955945275024,10.114859964000578,4.181692453351056,-3.919351856160723,-8.12063085012071,3.3671150589289596,0.011408456736969663,3
-2.0665122057138854,9.695074242937032,5.075145809780139,0.8740123800174127,-7.388623214228678,-7.053372638162,-8.890431157006043,7.757993383784178,2.1466909355174533,3.226710504823838,0
-2.563168819642623,9.253092510569973,4.833562395759115,2.552197958265949,-6.8705258668367355,-5.862635739265825,-9.02358753990258,9.227641332111435,2.46026737829968,3.561441266429511,0
3.225034509284927,-5.803855573161958,-9.020803371375743,9.358084324576932,9.314844070325616,7.028940220236299,-3.219846416593628,-9.026607226100428,4.095744219668061,-1.3408896227582465,3
2.3738951065348934,-7.2793144278266775,-3.8519242566456047,-4.445335393779946,-0.40115167261543866,5.7918437604236495,-6.1622567845775915,1.717492305275923,1.3758375640874632,-9.353144937945567,2
0.7041127009626027,-6.373908232599551,-3.4862369554062074,-2.63660045033041,-0.7182480339152888,6.455541836761165,-5.8494865970881476,0.9175010566051526,1.6400538366291548,-8.152603128598283,2
-8.97013327008094,9.343711005330924,6.522516876494998,-3.5180424889430744,-6.154373620002008,-6.858163537997953,-4.2136054581531255,1.2990406290824856,-1.2818103397812501,-5.1822117808613175,1
-0.8999689365192751,8.76029913589056,4.328027071247561,2.9905388179231225,-5.773926689139771,-7.246111612283235,-9.132458528603111,7.126273689296348,1.0811848771401817,3.51839519338197,0
2.562071227892975,-5.599586424422407,-8.385792384346127,8.626846869613518,8.998660675921684,6.334935429970839,-4.8111176118949395,-8.146838960627257,4.452243513004315,-2.7308278210236696,3
2.8540431646940894,-6.705328033177256,-4.7984988996902445,-1.723953173352319,-0.059461219221657924,5.7975267759337274,-5.95080585316958,0.6725292080533676,1.245099228061469,-9.049969710185188,2
2.498401886245569,-6.991458039632563,-3.3221924135041467,-3.5532708432623874,-0.36663413885678586,6.116814670736297,-6.106026932691188,0.5217698908174155,2.5689116143597,-8.46037097958013,2
1.6699871682391183,-7.534906701294258,-8.752078155773926,7.798443441008196,9.446282228391784,6.142515536699582,-3.8048699076619052,-8.412049818886317,5.83846278936949,-0.24486899508175408,3
-9.067375734033995,9.271340121987214,6.194291689183437,-4.828304963843369,-5.369778552698442,-6.752206298948417,-5.221733106761677,1.2003882155306027,-1.840340505189688,-3.6219792766252232,1
2.147699617384857,-7.60254813275228,-6.207721112297224,-1.235682716975002,-0.11646155770761013,5.440108720412776,-5.993351022014386,-0.5354692748500607,3.0352973917084554,-7.742889659258867,2
-1.493397097596221,9.685775706457965,6.14710655648619,1.4360263899190975,-6.269002745446795,-6.7517701892591,-7.30546570338364,6.7577141157500975,1.4344949453376326,3.7418767041100933,0
-3.6344358872456093,9.143529829170934,4.821796792201998,2.520445694184849,-7.7454926887659274,-7.80442922243494,-8.472968660704183,7.5314121867619335,2.197645230106289,4.403965302568792,0
-3.2528102226610236,9.345800829642949,3.996281872264439,3.0581237674530097,-7.4279044957866365,-7.1055526546199195,-8.268865704477241,6.461917893994935,2.181522189087066,5.076451483918609,0
2.202829866015716,-8.193755679721665,-4.193790144699865,-1.479889272747322,-0.005776114784976971,5.660116421304051,-5.340509862892145,0.028133854014596282,0.6555812664621465,-9.718117937290733,2
-10.061305769497078,9.422103735481503,5.887780658804473,-6.513295376654106,-5.887939357788436,-7.136065627542383,-3.4487363901727974,0.818942537642523,-2.569164337311103,-4.64971245267412,1
-2.371632804261721,9.51058875851028,4.577063850227042,2.9812517347553626,-7.353101802592759,-5.619451290238375,-8.86643832208705,6.32198034401607,2.111973325301728,3.6847153956884924,0
-3.385275219986061,10.024921351049603,4.582373011353304,2.7552767660524213,-6.639719448686877,-6.560382339868298,-8.439490660473467,7.6369189075108235,2.472206166771456,5.091858327013611,0
-9.559666691306946,8.696665824192856,7.1674298578025235,-6.1124672829645865,-6.523520596596001,-7.0279543651572824,-5.708788701965963,0.36140919882463896,0.32773116797135593,-3.6261941945105445,1
-10.653961544436475,10.177078905732834,6.208368440423484,-4.679608389492928,-6.738561679994596,-7.527060373246386,-4.696722248773307,1.3601967666496142,-1.4702283517133525,-4.559218303582582,1
-9.592559752161876,9.985140585356035,6.706133366991732,-5.822440543668277,-5.720147117766549,-6.535101983863379,-3.7279805209589134,0.7203170969819668,-1.8287629447078193,-3.4809875513635955,1
-1.6949829965442786,9.021449270912033,3.952822780494536,2.2966421159250214,-6.740285404249841,-7.300261407287103,-8.789466297142997,7.0538033976954715,2.1017623765400493,4.624943028085641,0
-4.778084761101101,8.29721477926432,4.463081130252889,1.0997214565653373,-5.7369392783991255,-7.88120855784839,-9.1463588973239,7.415041319598967,3.0311915372104563,3.1563480500953016,0
1.9628450107119466,-7.874969374893448,-9.001909858806282,9.533383672067337,9.104477406021013,5.995478580569038,-3.217261062398431,-8.544938978953567,2.6046982774731076,-1.309391908875819,3
2.3309363172779154,-6.7579831484253186,-8.6934520110081,8.749783008562714,9.197606017371413,6.316412309481144,-4.603075706239952,-8.757672898765307,2.7126807425612895,-2.31713989836057,3
1.947959418947186,-7.85881160315228,-4.17911444855798,-3.266663178059736,-0.4774108463904405,4.453412683506395,-6.25826512754953,0.49546390570645205,1.9769755386666028,-7.1858681808136975,2
-11.073608543389968,8.972721652273783,7.556748998601212,-5.7692254300436945,-7.063012218464425,-6.685252247791076,-3.3267211222560586,0.8778421303857227,-1.5283520965764712,-4.432194284309443,1
-2.676461255859237,8.378991564769203,4.236138904830269,2.5019435420187612,-6.528985159814203,-7.564398264634932,-8.768795142835552,7.849493901858955,0.8537165380792155,4.541803690586863,0
-8.615164829771832,9.78866425768619,6.6560996498988025,-6.671503149079588,-7.109080220010748,-6.545567095979591,-4.341813682320744,0.36424872055494506,-1.3214446797297101,-3.80463226798945,1
1.025216982036142,-6.163666027741898,-4.128179086706204,-2.3626616428130034,-0.2125154762574506,4.988705507568063,-5.675094027508146,0.09734000464307707,2.441030919892395,-10.560050939846091,2
-8.758317205819854,9.901464360705432,7.346086196072507,-6.2829743484330995,-7.3587681225772785,-5.280976246562483,-4.14103102799874,0.31954552112622414,-0.43136372786334465,-3.7860561894586993,1
-10.635880592647005,8.943180289155057,6.5904462371551835,-6.767969440223448,-7.008802525045707,-7.034679963388372,-3.7700680102299846,0.5436696685701325,-1.8663159144937624,-4.0516425855415825,1
2.346743504220157,-6.493651336029422,-4.03440628404189,-3.6084709413393172,-1.1668766739338405,5.795868804600643,-6.324707759953217,0.13163147406770737,1.7843116869844697,-9.127606694105868,2
1.2792373672646224,-5.819029587497598,-3.519153123773332,-2.5987354802361295,0.0059943586989874564,5.111098043634258,-5.626088791763741,0.42455607187533195,2.0331054341744186,-8.180344295525307,2
-9.601903838205365,9.185971195255894,7.208812147367871,-6.884635212340088,-7.101078349260435,-7.079371848036759,-3.2499398264277426,1.692557993452105,-1.4342140801339152,-4.293592402272169,1
-9.745709301349606,8.943195236663465,6.766911086385145,-5.443859331735891,-7.1267800100679795,-5.344257137108935,-3.9841668334082287,0.5083233687061506,-0.8653495308780952,-4.01216590415471,1
2.71714052660367,-6.998636230549477,-9.223518522890354,8.82263512675805,8.488767182552209,7.4423276978884925,-4.304200830382893,-7.464425969546039,3.831289588796578,-1.8861239605453508,3
-8.635849096996896,8.482022763856508,4.5351943069338585,-5.62452310510689,-5.10314282880039,-5.464647355873717,-3.7683935501170076,0.15098330270232413,-0.796113809511568,-4.856899535832289,1
2.2675181624980163,-6.819425126796208,-5.9277990836816485,-2.880388355475025,-0.7096749612175338,4.897809369326618,-5.736098034364714,0.1415589135819475,3.0771243660616925,-7.969877937949645,2
1.6437141444142305,-7.666585008974305,-4.9198501554353085,-3.2220964698155585,-1.1379559846723009,4.719622314435224,-5.995591523068083,0.9162827899228856,1.2128620511380057,-8.007492999050807,2
2.0350738073345966,-7.758750251746263,-2.942651426209871,-3.272503599804921,-1.2674830613000871,5.846591549982357,-6.848029025086068,0.0077122700428478574,2.0705086601159723,-9.303994028667804,2
-2.9553686121673124,9.846597699973607,5.634231809820999,1.5736472783160986,-7.46227609232423,-6.550118703805464,-9.22488388763269,7.766575187927561,2.1643463494600854,3.100430675422847,0
3.196433195245289,-6.723480756900363,-3.958481312732586,-3.3642744727566902,-1.4713959919470359,6.578252461567939,-5.460980054099073,0.25737510470795166,1.5557546952047265,-10.48905725677801,2
1.6841029361626718,-6.450975859114717,-9.124198741628625,8.69465735018365,8.832245266462628,5.165077059511464,-3.805639087381818,-7.636848114310885,4.045079047496598,-0.6230024483633091,3
-3.295103038146359,9.281972950527157,4.75639538197724,2.317885568746436,-6.677209140415798,-5.161399495338321,-9.284745745611932,6.951825046997431,1.5861018663668407,3.7726175725087305,0
2.6841200124977616,-6.469439959398158,-3.8997731411488394,-2.569100540267373,-1.4953481513221851,5.2049646933059375,-5.175810122708674,1.2901235522664174,1.681614071822412,-9.038789822522753,2
2.113315980266542,-8.294155596163785,-4.50091465229511,-2.8721759794849353,-1.0579261424060467,5.534471015750728,-6.049759296734896,0.6202978309324773,2.4604533291336157,-9.525827404393832,2
-2.6834725269881017,9.69438579386637,5.091642000937704,2.931211774213376,-7.555073613557343,-6.399873571277039,-8.097430615841299,6.092405275002523,1.1940192759981332,2.7339890314888384,0
-9.573689572276777,9.559687677242964,5.766737480387629,-6.184670772062111,-6.626138122084743,-6.554310370660687,-3.0180044843066076,0.8855123751523444,-2.1391201970136073,-4.002863851136758,1
1.5297664168297267,-6.049260202189207,-8.44959118820015,9.860774221841528,8.845608302146934,5.65486873294259,-3.140475681298408,-7.748832804041244,2.6032043875694066,-1.5744636353322623,3
-9.243896920488991,9.02997265337258,5.141512772098565,-4.98521088820689,-6.698686875063871,-6.935852837761508,-3.42971990246945,0.22071978470136655,-0.61914415832505,-3.743513031335473,1
2.9556674512438894,-6.381913669282956,-7.811612082462828,9.179820347173552,8.502659028391898,5.234757113984757,-4.993783190873837,-7.583121435541391,4.516678306404043,0.0976033737624935,3
2.1007697871659126,-7.2550545109351114,-4.092880290181776,-2.4961948566274916,-0.9599606458446512,5.853818456079641,-4.901841716539277,0.9745035482028854,2.456699591988677,-9.389869413816754,2
-10.024164667298068,9.534422261905956,6.129123406019802,-6.6772335442889705,-6.791739019491687,-6.357835560865212,-4.2156666979713275,0.010433946733058086,-2.345521851727969,-4.233591096879247,1
-10.339230232101816,9.565669848117691,8.100710684833416,-6.396787000544974,-8.134701921780419,-6.5321127582474015,-3.144483396310246,1.865971850599173,-2.221784343274377,-3.827727739773596,1
0.7303894132211637,-6.596603835107108,-5.250152285004939,-1.6203692542258668,-1.1096843814357957,5.555352340508449,-6.44593809109196,0.0830615565267791,2.8412633188444754,-10.812457805174601,2
2.209542793108248,-7.3042705360403755,-3.9234050526976625,-1.6708063868443375,-0.12136360628830056,4.784965792458289,-5.571075363618571,1.214942091947019,2.1190573417232916,-8.307305447969869,2
-8.944849859881309,8.93049618336259,7.960161259360717,-4.997184140434223,-6.676625982819114,-5.435198349716744,-3.867656283440063,1.0920702052303108,-1.0217866550515529,-4.767866854532773,1
-9.914027433829988,9.324033195226992,8.49989315892036,-6.8052970163110835,-6.185882892811787,-6.00452458269552,-3.1551047133517027,0.563716840074384,-1.1454642495048135,-4.449571193234415,1
-9.857090004450598,9.573337187616072,8.04582005885721,-3.5762747972307243,-5.93879451446266,-6.460147436035595,-3.5410011868728604,1.1164874307564423,-1.5855669650477193,-2.9187692469005357,1
-9.700403070980599,9.868135096755212,6.798090455774818,-6.279596318651651,-6.586838410824621,-6.889127902693766,-3.161950143790227,0.5100467867151168,-0.030266147130580068,-4.217879765709396,1
2.164656037444391,-8.077459678727813,-2.690016578029226,-1.5566534599017283,-0.4033374242257175,5.134837583604079,-6.040844895419432,0.17243671154085102,2.079887290471754,-8.05529073890811,2
1.4369443759959797,-6.6360120562303235,-4.2023890528184,-2.621751265515305,-0.8273624219580944,5.598349135701491,-5.17232910885786,0.22608619637778415,1.0646090873726317,-9.346462644778855,2
-8.970676970457564,9.081733810256729,6.319823312576784,-5.567103025678043,-6.669204471086404,-6.3782026331693995,-2.445349888392685,0.32221064212255957,-1.6119377335725407,-4.6286964599837725,1
-1.047335329706241,8.9165733884897,5.4156068079443624,1.2452355349528603,-6.450685457607471,-7.617500487497506,-9.274966029123075,8.663344863205452,1.8888225543298331,4.313654567146715,0
-3.5698313665917367,9.97109811540949,5.791356235679,1.798844456251267,-6.476037317012233,-6.662234485095471,-6.683111190717344,8.107225353502907,1.932757920827639,3.492573247500611,0
2.53514845548847,-6.917378757837582,-5.4003152571295185,-1.9280044428335668,-0.7018021234616441,6.672691661176007,-5.695585527729335,1.0556148386872661,2.1748730952559385,-8.128633716258122,2
1.3150655504849804,-6.66690324726873,-4.858658942544344,-3.1994678002732906,-1.9053499490902543,5.352537725040327,-5.32380563589822,0.645628430183002,2.533186855660474,-8.70549196344629,2
1.9109939960648759,-7.31570918505585,-4.208870325221512,-2.9889247674379016,-0.7420828268395918,5.17272177963896,-6.797955091289074,0.7205866250024205,2.2889620861961175,-9.63401277736204,2
-10.040485039471125,8.838762638584708,6.310932350481013,-6.420547812215576,-6.277631434661631,-5.194634882002632,-3.688999649628025,0.31848118115635593,-1.565367515398566,-5.269650762126821,1
-9.710781943770737,8.869175431594895,7.0244097065077185,-6.382145373688203,-6.343773845699598,-6.338293100582266,-3.155028244727141,0.8274173956607243,-1.378618498279286,-3.6029807865989603,1
-2.99900547864756,9.164072065712277,4.561249201444521,1.8184909642674758,-6.449710501120872,-6.349854196242833,-9.209678559963379,6.920450147047427,1.829764046858025,2.5501067406059996,0
2.3621441962149228,-6.349672437951227,-3.7349407498314533,-3.268137829249097,0.8610326260159435,5.888861945544859,-5.113750840233496,0.17848866476817216,2.2216428485346644,-8.483363792437162,2
-9.466970949024665,9.568964281775836,6.492611237764072,-4.710313379413019,-7.484133440791549,-6.911857720277496,-3.9874334729135787,-0.6551035351631598,-1.484197710260135,-3.012388080029549,1
-9.737720123735096,10.441705339034852,6.752920036049914,-5.989177966217104,-6.792882520336645,-6.5436385834730135,-4.186878913788106,0.6144199883075987,-1.24869784042278,-4.173284981931771,1
-9.14167434307542,9.748788175701005,5.388112402101519,-6.133089446248292,-6.914949282193755,-6.766503121707105,-4.032855813818598,0.1646652282567681,-2.7466094944207367,-3.6518800167568877,1
-2.4235893709301517,9.394594748523794,4.674080885456094,2.0015838677834497,-7.371021372615999,-7.3441402355616106,-9.820151446895796,8.548226635729561,1.151595970090276,3.6764179174637737,0
-10.5486409141359,8.268704064726167,7.678672045253961,-5.899744360440783,-6.831851572919929,-5.6039765217540705,-4.33908601862505,1.7733354321276125,-0.8865515172201969,-4.516955181741153,1
2.1676918842787014,-7.632097246007936,-3.854522963851728,-2.3437322029684244,-1.3739384420346987,5.204997522937043,-6.083990114822936,-0.34296079084841313,2.4376799640573386,-9.329436785913257,2
0.8602415295922445,-7.21274001986808,-8.74382257519851,9.3531143817287,7.775351186721225,6.05446017949332,-3.80759047761732,-7.451829327910972,4.169660839209343,-0.7891502020418095,3
-1.023688285143907,9.737011810584125,3.576319860060292,1.634205832934356,-5.992789386720634,-7.375478219209093,-8.52765415693365,7.865766752899239,1.3734489047595178,4.119783806677649,0
3.096648062717964,-5.969183694244813,-8.742815844423474,9.147897166025691,9.106670907545666,7.117555332408809,-4.047971420988501,-7.884268255377928,4.486881631142583,-1.7411101646001077,3
-2.9564708464354017,8.088123272813073,5.78928944832356,2.680041646480576,-7.361332432775677,-5.30340452953493,-8.151091915741894,7.0961409470426675,0.27271623445267457,5.765111356734428,0
-10.492894000657884,9.880992506911522,6.296770476622496,-5.568776735702735,-6.157543765548542,-6.495995263152749,-4.463791106719723,0.011749896023375728,-2.0024339679945546,-4.757692741800472,1
-2.5853297269725504,9.29548433366758,5.12297963042588,1.6923153536206466,-6.722762453883979,-6.871294912728691,-8.769954487651829,6.782416066799876,2.0394573568454355,4.510050359792723,0
-1.8994103306505656,8.786069655680834,5.480728581742863,1.6875169228256461,-8.306314365775767,-7.58577001091813,-10.14788210135411,7.077463476669787,2.035193100296862,5.334957674513607,0
1.0423851651774605,-6.3004182877577115,-8.848815528703913,9.243294523390244,9.795971541776247,6.3538788575499945,-3.447290393227325,-8.09523032024191,2.853765158429116,-0.4564801986334158,3
2.774802946089806,-7.059345233139761,-3.801318981523424,0.07560326037926268,-2.3374793733082924,6.910806882693048,-6.207737620413055,0.48581900135433903,1.8164328055299803,-9.367957178978676,2
-10.038794996706175,10.1191696155467,6.414510083533857,-6.035771710703875,-7.0320864614025345,-6.035390457015901,-2.4713876973390443,-0.25214440733323373,-1.3441460074867546,-3.186862807248361,1
-1.7050616327922778,7.796486483053652,4.3861701772459085,1.1894007577024315,-7.785904224155904,-6.067530842110983,-9.165718597554335,7.566075632710204,1.9894558296487468,4.495380134977093,0
3.3499451791740684,-6.808272932333362,-3.1773907776935815,-3.6122525580657463,-1.8346772244500877,5.599240711023165,-5.65457525800617,1.542141344321107,2.342546616911442,-9.240868639368468,2
-9.644059087955952,9.7148573006147,5.90517734630562,-5.453402818389123,-6.494501641361172,-5.641898805955419,-3.08398490471392,2.3078231820577866,-0.9553564059081823,-3.9473597744316447,1
-10.084194850921275,8.338596968410908,5.3866550426292745,-6.8621129465383195,-6.176512000149949,-5.97580228667037,-5.021988632231739,1.121655452498038,-1.6992423633360927,-4.0726620876492765,1
2.5637275818238465,-6.145418427947597,-4.821348593873023,-1.4496088955852753,-0.2260662206770112,5.537930526807011,-5.2115902538047445,-0.48971669041591137,1.2711314641714784,-9.497004551867835,2
-3.5830775425676857,9.908659903527278,4.872498644613816,1.4492291083511444,-5.7938208082855045,-6.7991373492709455,-8.012819727791332,7.370785852485779,3.4648237822815666,5.390190145631152,0
0.9813331459400667,-8.158936039137766,-4.65342169963698,-1.3054817378575683,-1.2467160887859232,5.827944302247895,-5.726187386278376,0.37643439862332667,1.7940809547326542,-9.907697380119517,2
-8.459755674305153,10.025984564345759,6.460881362474353,-6.377052344225178,-7.8697714367885006,-6.8353171264010175,-4.062946307988631,-0.19589703636107147,-1.4529795041222986,-4.121620877968024,1
1.3948172956751888,-7.9395538755293344,-4.498149074132086,-2.919108056597722,-1.4175975619975008,4.796237562885347,-6.325808936064737,0.4116874023520125,2.264812003325745,-9.461187882775869,2
1.5513482718423273,-6.521148262530335,-9.584117025162886,7.722536228292462,9.044668628762109,6.081336699936836,-4.186100402062809,-8.875379110628113,3.4047311867513415,-1.0084437984014594,3
-2.7490977846214886,8.452692039743189,4.526978838061895,2.256005283710909,-5.559297060303899,-6.757905124293659,-8.658042483130075,7.271410774462386,0.6791603841548466,4.142891843106457,0
-9.399921255212377,9.157962450391699,7.083953138907671,-6.011945021665021,-6.099530380126457,-6.352393772510808,-3.126919965268728,0.4591530261328169,-2.6022223549025023,-3.2920721455393673,1
2.481917911645125,-7.91296100474857,-4.223932002257988,-3.916135567552682,-0.9350201401670132,5.120379987959742,-5.3657511639406925,-0.09998942394464183,1.7665552361841772,-9.515882234583128,2
-3.633710047233051,9.156710673305378,4.110433314529089,0.9775920872223601,-7.3322282101210385,-7.637193195806023,-7.657328612085215,7.9406707453633185,2.0167193859425434,5.197412453143927,0
-10.967382786482236,10.023015180049402,5.801032465511889,-5.241682903087909,-6.3535095083724835,-6.999667396508975,-4.200080559857992,0.9755515525144478,-1.2869735099770212,-3.7663281097084225,1
-9.89378023745255,9.321470180491804,6.586998744564701,-6.012225507351967,-6.544657899724959,-5.212856783578022,-3.5225115272503786,0.288292410024345,-0.8732315440001703,-4.4090908388683685,1
1.9156946772942955,-7.696343045373364,-4.965160897058726,-3.8990432988523693,-1.1515469102508922,5.8141566708043655,-6.074160925843229,-0.00648808129091849,1.1862691347531031,-8.645219411420568,2
-8.178939040815315,9.493771774997802,6.39312773008996,-5.623941572329041,-7.306489058528775,-7.01203962988878,-3.074865405248148,0.03530263736478029,-2.093937315035043,-3.799760269270061,1
3.4542538407449217,-7.4349927232417015,-2.874317098860196,-2.1028569006433795,-0.5411536065245103,5.961632430982537,-5.73086624808143,-1.0646820372696943,1.6530730013353203,-8.47938116577102,2
-9.2092862043406,9.92960565545174,6.245295535499732,-7.566947390935914,-6.745871769634726,-6.057646999149541,-4.950393238951135,0.6234805764901662,-1.371816521578782,-3.7699131463183995,1
-3.452927418526749,9.534570994014222,4.759484642917661,1.8443813484938567,-6.8667234380054945,-6.636802399522777,-9.216159532852563,6.778709607717085,2.1593919134325525,3.4765906115903866,0
-2.0540567984816875,8.944863023552754,5.9325247334614675,1.224110347512425,-7.947494810798587,-7.364445242192818,-8.870237968084858,7.4938605300245875,1.8534349943647448,4.407890333480917,0
2.497190995671289,-6.321113004271619,-8.985484072161414,9.681857903324158,8.52339339222406,6.95748325760672,-3.799579050615911,-8.282144532787044,3.6707489854853192,-1.2720354612756322,3
-2.5709950568986284,10.820082664556345,4.07730663864929,3.120551447751579,-5.705236621297762,-7.267621362471543,-8.440039601206317,8.463400551688679,1.7569108161729348,4.0189453038492555,0
-9.032868009697403,8.17422466197316,7.561890986023142,-6.916962178059449,-5.640718312818827,-5.543216207152016,-4.678831641959884,0.20755863107654793,-2.13509289509784,-4.3258619172412764,1
2.185412870092922,-6.051329753075942,-9.124726695505741,9.231891684487833,9.530417655291425,4.8451924578619145,-2.497032039210139,-7.143106597226539,3.406623808940946,-1.9685389435270717,3
2.437642321107562,-6.339636594767321,-8.642073244855071,8.951185587864884,10.984501056500495,6.996926613966543,-3.401745790042728,-7.96829830912995,4.3896705706608055,-0.8343537817339568,3
-9.25073584720749,8.531833347610778,7.257262061080927,-5.132114200347758,-6.897800928782995,-6.305353318118002,-3.436824845841497,0.3486089589392042,-0.6100149937214769,-2.520706449805609,1
1.9841405010704865,-7.255051699861337,-4.864525783245877,-3.033416009791936,0.19253632354506522,6.168968241471491,-6.653719236897476,-0.8336306504445699,1.61937925491401,-9.220411491145352,2
2.532947737501415,-8.109617509586483,-8.704647381422635,9.088373202792896,9.1183596820703,7.071838649640337,-3.612478564556977,-7.129423384215694,3.533488165997975,-0.5407158804531257,3
0.96742689870425,-7.274467208360794,-6.770315719690479,8.763783315159003,9.824311944954538,5.7124850831713525,-5.370936645729796,-8.165738492629455,3.4987373380428637,-1.4768648922758332,3
1.7232966901652205,-6.236379246786058,-9.793092154894287,8.15208897991122,10.317201840946751,5.924835360058731,-2.8904317833028053,-8.101319181213285,2.395332089172637,-0.5725028053957687,3
1.4099885944796096,-8.338160238499228,-8.5586463983048,9.403944494444909,9.496087427851895,4.803253759901164,-4.153319217586119,-9.59940115190808,4.643451305601067,-1.9571883326906332,3
-9.734626394184168,8.802832725293376,6.24248640114513,-5.34121290334005,-5.194567502812003,-6.055639732055237,-4.752273284233874,0.8063505003988558,-0.5234575865057295,-4.602265229062729,1
-9.601792379898027,9.214173462794099,6.6645789409768685,-5.37023440581183,-7.190069626574179,-5.551884616663113,-3.4143882200003746,0.9978586406403114,-1.054166609990876,-4.161685535653368,1
2.392660793508188,-6.314916717639788,-4.823728495812794,-3.146659731047138,-1.4194619273488573,6.2846534961641,-5.376245344956262,0.6005464917951883,2.676736944063799,-9.895620352763512,2
-9.204091429361796,9.219727987752298,6.5610348340064055,-5.523702119522927,-6.303375551452656,-7.885420063854598,-4.076014882211881,-0.10085587133746221,-1.2384516339217266,-2.0857358942167745,1
-9.972417549502625,9.463188474038667,6.760752290406616,-6.472590385082648,-5.477505167252697,-6.938232196681474,-3.2365351004405296,0.7941646859549367,-1.8134587440483472,-2.932699571212503,1
-9.267869107777631,10.570341746583162,6.644935602828103,-5.2850986275197185,-7.127691269155507,-6.6028795946634045,-3.4282787105132013,1.0895001101649582,-1.5668764905226127,-4.225536672339808,1
-8.75243353195079,8.71138117144211,6.323769832391864,-5.429775161158149,-5.815127299360171,-6.507987023162471,-4.3334122770933945,1.4907875358337126,-0.14386986249937994,-3.4902165604919047,1
-9.452241102979816,9.150980638272404,6.8857915064316195,-5.959998773531797,-6.245577972469258,-5.409591528005752,-4.619734936504995,1.293043625435089,-0.4391190800197795,-4.258065164932916,1
-1.8663759988511313,7.9149357056620975,3.947139140628865,2.6317095155324832,-7.567368366628087,-7.037352798273864,-8.453291287318825,6.645681797094158,2.0960630891663476,3.227633709478166,0
-9.34765859699903,9.36414039714057,6.671810712796546,-6.284164520724525,-6.524781155802025,-6.978873003919137,-3.292016253021895,1.219803166951384,-2.6534311307243508,-4.826074798173848,1
-2.9163742628168006,8.303956416713314,4.185384554681897,1.1164114972071526,-6.855768763369812,-7.419090855016996,-8.674677618382487,6.234395963156164,2.2539163974142955,4.744921829047156,0
-1.474671791733689,8.651496975406769,4.07393331420287,1.6219397534315565,-6.238845708759818,-6.649983816514167,-9.209159899272937,7.682810118678052,2.0902545194078037,4.839503049293931,0
2.1570455964574697,-6.755895848126859,-8.645341790978248,8.619476254507054,7.839316007487877,7.597471499703532,-3.798997117093006,-7.767854634286546,3.6441251053293016,-1.7115318857151847,3
1.0197762868414355,-6.379764144768026,-8.046263730626142,8.687140542792308,9.803131089975595,8.138205073460009,-3.980764571623411,-7.771242784868595,3.1680205716801635,-1.0700743113865379,3
-2.163376492654833,9.196757764275057,4.254665228536307,1.503033326384096,-6.897515040845282,-6.059199279794392,-8.457807648419907,7.064092883038429,2.562489332318017,2.1674717214798562,0
2.5623961597251808,-6.155700376962161,-10.036889964458162,9.042796217637253,8.984693382138966,5.636811281774459,-2.962127985043283,-8.504133118318515,3.1201966798605025,-1.1439636672044076,3
-3.1860809232431992,8.980888178898935,4.637357058864703,1.162314401505952,-5.8272483799142645,-6.265955989872976,-8.993002678316776,7.342343002794875,2.1681682004274623,2.7322371480239056,0
4.3573367521872255,-7.375963349521888,-8.528950731089218,7.520241652834375,9.699845070956634,5.78420675361248,-2.5613125601551197,-8.588788198885329,2.5022324036660546,-1.5268347436997367,3
-10.641614375905652,9.930236217822607,6.706560643062588,-6.773503836059929,-6.5799470097928925,-6.858419286844732,-3.691732983515819,1.4334439448609584,-2.6737203559097065,-4.09489894063597,1
2.2975709992127222,-7.353655146765542,-8.535274522241691,9.702521136558527,8.727397155021169,7.165094037202085,-3.971918833434175,-8.6679963779493,4.383002984087309,-1.3977060902247616,3
-3.192308900136883,9.75183538582381,3.975299614045741,3.8158371293269053,-6.534304660534648,-6.750724306689535,-9.439178202762859,7.813739831084997,1.619353756497734,4.246858426172662,0
-1.4963131040051372,9.151874471756424,5.3621700138561454,0.9332774228148517,-6.6926920050427885,-6.257368036339541,-8.780728964143213,8.069359178044449,1.6601983197939152,5.147994764050814,0
1.345089422441758,-8.576872587893968,-9.265534715052338,9.647402975536627,9.674503222515046,6.012887678262735,-3.923334815135224,-8.528777599675106,3.8279917479243863,-0.6608353295715427,3
1.5185994490814654,-6.3491223860557575,-4.832400827321138,-1.532835145785541,-1.077669570383837,6.816926678692768,-5.531272453791311,0.18879192566251177,1.4847139169625612,-9.309627259742301,2
1.9490592694663882,-6.40239227298014,-5.465926219082431,-2.9447276767542725,-0.7453035927117402,6.017972332759797,-6.363389042066424,0.3087974764663215,0.10646222985175724,-9.53176563423374,2
1.8119752721546505,-7.265889950081448,-8.821733059423494,9.321764698139415,9.306138668393716,6.382833713209588,-2.638339227571791,-8.286572922962616,3.879504574494406,-1.5533994790273673,3
-2.416118851149937,8.5242015577409,5.476411476475491,0.9069388505920897,-7.270872484241382,-6.616061280730782,-7.742460936171972,7.277497732747611,1.6336605661789367,5.478261504529322,0
-2.526245837635438,10.513875379226626,5.8491590552986,2.2785962527125543,-6.85302475643353,-6.796087664573164,-8.408865175724719,6.6075681198598195,1.842136658667834,2.993442704206596,0
-2.4554222993105714,8.116191571266324,5.337265609841099,1.6275400757278133,-7.969234520213096,-7.179790205952085,-7.787795903191993,7.918678134978148,1.7782437407786742,3.9169711628980086,0
3.4354860932601143,-8.433468343838946,-3.852767984105813,-2.3399616563575294,-1.435490263217898,6.000594984362982,-5.110861288000694,-1.2670844192756126,2.2002127424844202,-10.816281319831099,2
-8.92111447034468,9.599183958881163,6.220146653760129,-5.500165318790206,-7.164109000982451,-6.2559180088877575,-3.9384161342603683,0.34944683255397946,-1.4510758851649368,-5.492711527887509,1
-2.505527033250022,9.047172543833641,4.324833006192631,2.409164636583981,-7.626961491719086,-6.979775232790852,-8.75412081443768,7.683630099339828,2.5204306495263986,3.3742020916344004,0
-10.22090141659504,9.625248540445009,5.823524962196574,-4.921842214511383,-6.688732763966863,-6.191098043820336,-3.716853630726946,0.31389515105190313,-0.9504139661249928,-4.507849755674928,1
2.816811409038405,-6.220688979688115,-8.832578693981635,8.838973771600863,9.669750889731816,7.05874607637922,-3.8193046768943466,-8.374949317819608,2.9896543294832556,-2.208593810296531,3
1.4210926517593632,-7.410081153659818,-8.373909235811809,8.592324392870724,9.534091486566489,5.548272882042266,-3.780980696592829,-7.134263093751077,4.094976590518086,-1.4856397979595093,3
-1.8413963886075086,9.47026000411238,4.419190364979859,2.504448138286019,-7.42060484132757,-7.045882617993953,-9.178082240116384,7.380834813069129,3.6425612315356317,2.8543659211066856,0
-10.197074270976238,10.186001392330224,5.816264491001307,-4.603346719155303,-6.993935170111496,-5.885035455005456,-4.145188073833535,0.9173598344023974,-1.74197942863762,-4.289372230289767,1
-9.682122130754994,9.408478779550324,6.0994239968508674,-5.299421482743775,-6.448164359883434,-6.038237092196404,-4.536399665270715,0.18890782241836995,-0.8554326766782453,-4.4364004025033985,1
-3.258822371695529,9.35201681886855,4.483454886500006,2.472970029805196,-6.548360853949789,-6.931089832135758,-9.431083359283894,6.263129858218598,1.7097397684172608,4.760930711947339,0
-2.028815489790591,7.885385018365565,4.309526530175498,2.735435101817888,-6.834631177784446,-7.634530937826461,-9.339040353117989,7.799241339752976,1.5110435926621801,4.312972568628291,0
-3.4818983497872673,7.8625070053284976,5.3556781386348495,3.680996368378223,-5.910636218193908,-6.485373209239295,-8.42199971747031,7.9209138066449185,2.5535502477149112,4.358285552699472,0
1.5892606562058789,-7.031354157987141,-4.783849454949753,-2.9584337215383205,-1.5756710920124408,6.159314597136833,-5.40560857517314,0.1204543693020429,1.8750579737128696,-10.085005735843525,2
-3.904812572852769,9.276125727091623,5.4992471309594055,1.1264209708568882,-5.708826520364878,-6.586796286719715,-9.331836055666896,7.284484561138309,2.4131290736293813,4.214655329909597,0
-2.532124912203949,8.633888788404686,4.140886788354086,2.0476708433250597,-7.058111243345869,-5.827314501268065,-10.694006622511118,8.087577711844427,2.894559869612516,2.7100783932352046,0
2.4337643696448543,-8.702939725267548,-3.4482608425447867,-2.7834708251867903,1.3915647630570325,7.31906060329155,-6.1335387053060675,0.21025286650031208,2.5451984370422704,-7.878770918657419,2
2.8761583937611457,-7.585599973937341,-9.378055122560161,8.699420309222461,10.178998291749586,6.433784307557849,-4.585356647489759,-8.263773113641754,3.2546343293757314,-1.6938024197714476,3
1.5440874396611801,-7.234628113963528,-4.7248076338358285,-3.4525956492395613,-0.6975375121605089,5.852437070960635,-5.458512742368805,-0.017099130430336784,2.1339283700265788,-8.685433445008481,2
2.0714605859112676,-6.434426594717222,-7.834641800463054,8.255342075600561,9.729484289838668,5.755020632805198,-4.0002431654836474,-7.99596244410332,2.6345052272302825,-1.7421360551822773,3
-8.0781943647981,8.97419659713755,7.168319576414951,-5.543712980149933,-5.452281753278829,-5.238851965222527,-3.892752236463209,-0.03226387659757113,-1.0391191271003037,-4.649817954865636,1
2.729877838024804,-6.478935507678154,-9.589311441073315,9.125688342296128,10.056500765042456,5.905003396293346,-2.961944753541886,-7.141636017209577,4.849273512743569,-0.983279936636026,3
-9.382819561567311,8.448589780003502,6.975353803711904,-5.7781668240427155,-7.494092926991844,-5.516592254811304,-4.42936924456788,-0.07204807326530938,-1.220701189096025,-3.371371051439061,1
2.6172858084592328,-6.18493255970648,-8.294813672719746,8.887649132620227,10.297494983615412,5.829064016119849,-3.239036150487543,-8.073677746365002,3.2588149949676013,-0.7821789100855401,3
-9.970986173295037,9.208038466011649,7.8202692792174116,-4.814895050181233,-7.273207521707306,-5.751097110415902,-3.347177552665131,-0.30865566948207546,-0.7879552765292828,-3.098864853150374,1
0.893946817187756,-6.8205806604451755,-8.185987783019188,8.08574826171291,10.046578517226601,6.509389337088258,-4.421687941912313,-8.145628466008814,4.80348579559186,-0.683466655753867,3
-9.314984719133728,9.32594181618714,6.834606460588176,-6.161148846762584,-8.070672666651488,-6.425905216461737,-2.9192314455392876,1.1434794142138718,-0.6853213879438658,-3.3101256907748087,1
1.947534021052439,-5.88874142682103,-3.7675198421220064,-3.6076002324960896,-0.5383749130669346,4.620406435603417,-5.248640619111854,-0.04509848800028243,1.7827460451234303,-8.142934092320512,2
2.1852768899315254,-7.263088709987244,-2.7763275055427714,-3.6429546938054647,-0.5246878463741683,6.7458984036900755,-4.416509535036848,0.001610572043459657,2.1922919941449894,-8.672159495560992,2
1.7253885014467585,-6.679577492012629,-3.677251612142494,-1.378736950818678,-1.0014950775087315,6.1715775911908075,-5.937877079155545,1.1917990155763425,1.3451087059147384,-8.549488026585948,2
-3.522807353344121,7.475121958564264,4.947888951265434,1.6217317268939042,-7.594490163142769,-6.384260080166399,-8.667667256996172,6.928667873982993,1.1260871557945498,4.7721716857170104,0
-2.138334698512052,10.023384162658852,2.909727686138999,1.4153430051113984,-6.475676702124892,-7.0222413635060414,-8.578525645276095,6.900733284797629,2.0829130860952056,4.052477491146453,0
2.487079389012914,-7.328092899090485,-8.123020193710609,8.303855036723382,9.797578983785389,6.94203010873552,-3.3047190485896234,-7.87063606610565,3.5227498701923476,-1.6004438286423637,3
1.7330150373240147,-8.262730583482776,-8.98752266181154,9.617142357478851,9.688981593556102,6.467677335796624,-4.103719927844723,-8.941879235226173,4.045366555380265,-1.7809473922322103,3
2.836119729018512,-7.5497377167386235,-7.572821541280348,9.557471528195903,10.076243830913775,5.84388930391154,-4.012683119887964,-9.04976399003962,3.3173968452963756,-0.8513917318577675,3
-2.8518052328155057,9.745198742146671,5.117202878966519,3.2658648119559555,-6.470877461423095,-7.131614056826888,-8.424869375151394,8.099615421906739,2.5966377617023304,4.516543377696017,0
-3.0120827089511883,9.64073319205943,4.433414061423682,2.8465891348123455,-7.351070628121978,-6.684813679719285,-9.42307069391784,8.825127304940075,1.1909813415435169,4.378326053079828,0
-3.4333608679672,10.296307264296368,5.465486920733002,1.6447467274674388,-8.078821361514883,-5.932398931360158,-8.918505648312843,8.189994333880126,0.9062008737081189,3.741889039853268,0
-8.978402005863881,8.456011267067161,6.737318521690924,-4.395967487093678,-7.06373258308189,-6.80633128229872,-3.555419646048005,0.6208358800024758,-1.1156585576661937,-3.832986204935797,1
2.2088798373914362,-7.0992378569330405,-7.475272191909825,9.70575401899847,8.79480084671011,5.233719537492059,-4.17769545821708,-7.742405867608408,3.8528046210054936,-0.3197571478702027,3
-2.6909115690072736,7.962086061015647,4.46785869136794,1.7822631851173627,-8.76744784121037,-6.918115999838415,-8.999981927782084,7.810867370868096,3.316569501325917,4.9500470766043385,0
-3.2659419523726783,9.445441053059307,5.05504971680597,1.7564871764209389,-6.651334075581787,-7.755889096745658,-8.19150884319118,7.194091419988611,1.656394120500848,4.895758014006732,0
1.737972415599841,-6.100435356792239,-8.681320533016352,7.897527985506657,9.427646997250585,7.705303161836181,-3.562634095572465,-8.086820146976146,4.437400911612966,-1.0494821995657955,3
3.130933664709321,-6.973506350187967,-5.002022182795688,-3.4254818092606323,0.29487480338646144,5.041664411900361,-6.813869714249977,1.080808947927543,2.0852783906409895,-9.727539649175524,2
-2.4550398076994173,8.411387187268536,5.706065690316861,2.350406714519993,-7.6056994991797895,-7.0133466679344725,-9.45126053400534,6.355563103823668,2.6706245181363246,5.49804320425,0
-1.0565150122150644,8.531854655535625,5.855053498443776,2.1117072323645854,-7.335619793681384,-7.2188296771139715,-9.062570872372035,7.620439077980045,2.3882850764890255,3.7598615531639035,0
0.8241163893755434,-7.108578164787596,-3.601884047542563,-2.75820312661106,-1.199094185987023,5.591965665358138,-6.265932290513354,-0.6589442100858843,1.3480149033475475,-8.706095812090375,2
2.2736388377958283,-7.952546333436784,-4.659018333685192,-3.5719721201161443,-0.1941294308789403,4.229566368572046,-5.199011116510958,1.2551333463562229,1.6367649663530148,-10.893187707079154,2
1.336043396438615,-8.188105516538256,-4.56562655773784,-1.9458979384126445,-1.9421425684930702,3.7210103091828746,-6.3223355577191045,0.6709073282098768,2.6884746020580303,-9.395204699059825,2
-10.29938538736883,9.441372938133465,6.949024366239836,-5.268043861350276,-6.23999156716393,-6.588829290289649,-4.494468295263349,0.5554293507772196,-2.11159693554761,-6.220362534485386,1
-8.985978672232129,8.99004283624163,6.531867616357948,-5.555411821092667,-6.5375844441864706,-5.206767899717329,-3.57147267466247,1.0095430828796295,-0.8970827390904963,-3.3539854957994337,1
2.8575272900459447,-7.180976533269617,-9.74827931261529,8.913419410032198,9.25143593134716,6.551770701617371,-3.243008416577445,-8.088148346763068,4.983512850599121,-1.0399858040332688,3
2.580903260235987,-7.460743352782053,-4.254685069759901,-2.155005927918896,-2.2151495769143854,6.626330855257141,-5.955647989802267,-0.0033564329212935617,1.7858274692858356,-9.097291197085681,2
2.548399559929706,-7.7880803649206625,-4.052552591705805,-2.417864926887903,-0.8735753888237212,4.242984867000514,-5.89418162005137,1.833460495850302,1.596263889110962,-9.58064571409877,2
1.2987991534744308,-6.47789377149128,-9.323919401138728,9.337240870028433,9.336940285617981,4.789994012922584,-3.449241707577404,-7.478998667958125,2.98895665785874,-0.902816045181479,3
-9.74888363493157,9.367763178370183,5.57707756421943,-5.393239457221992,-5.963060446658087,-6.375443514830842,-3.128107788899894,0.2612745709587989,-0.9658754790321651,-4.889182233123642,1
-9.42726058264997,9.746617205603862,7.114999792446558,-5.458107159004358,-5.776242305529259,-6.763987033514169,-4.305966368571467,-0.2749793304354291,-1.0534487657235267,-3.6301616435806814,1
-2.4561344323171417,8.540272930139844,5.322462649620527,1.8702295168892349,-7.457475228906028,-7.105079682433042,-8.549275738643074,6.928915728535921,1.4467459579676736,4.3320326039652475,0
-1.9001502115706224,9.361263449779145,4.745172069828605,2.2286423856670896,-5.197236281484478,-6.920442751199456,-8.697558423935533,8.058980992704031,2.796168387934764,4.992372769813175,0
-3.474721082662919,8.502635100238978,4.616689955216444,3.2293601884031835,-7.24195510047659,-6.723458027128718,-8.849823783886936,8.155398206912363,3.7911529329757108,3.7898434148766844,0
2.536879579110256,-7.1561132396067615,-4.572775014943731,-2.7887051213485083,-0.8235963948558757,4.2134053617699045,-5.685806676480716,-0.4011160890295321,1.0409586949968284,-10.252132788577542,2
-10.202897924813543,8.819380795411984,6.490317591677367,-5.496061931663152,-5.723991417494713,-6.894135068407565,-2.8702731425375805,0.30534211191495914,-1.3760567332015905,-4.698465371442637,1
2.5843973256019113,-7.584844485756524,-3.799057326542334,-1.3181553060840057,-0.30774959994829676,5.669857272728732,-6.134729686570112,0.035017574346322716,2.674740015957351,-9.510111157765957,2
1.4958225835079695,-6.1729584052353434,-2.783295995924081,-2.670176163832673,-0.17057619087343123,6.64255236873189,-6.526263319609675,-0.055025316485275255,2.7099035364491644,-7.891481750504089,2
1.5956332510961961,-7.795967279616558,-4.255369570529372,-2.4574342663937285,-1.2457972252962162,6.650061103067274,-5.70967755376989,0.3123017020407502,0.8431547105328805,-9.992062817099299,2
-8.723262579808443,8.648459467485551,7.12500408982375,-4.918462527699894,-7.608511964662549,-6.108153524788039,-4.2680810225146155,0.4380627614736051,-1.1177260886808498,-4.516477190918648,1
2.1467287415798557,-6.040715580736646,-8.830751074854824,9.812889807162385,10.027701436438491,6.8111873605900515,-4.229484357123685,-8.802447433319362,3.2551492064891816,-1.0595814667412689,3
